{
  "config_name": "v2_baseline",
  "n_features": 33,
  "feat_cols": [
    "max_dd_60d",
    "vol_of_vol_60d",
    "ret_kurtosis_60d",
    "avg_trade_size_20d",
    "obv",
    "obv_vs_sma_60d",
    "amihud_60d",
    "downside_vol_60d",
    "ema_26",
    "spread_proxy_20d",
    "ret_skew_60d",
    "ret_252d",
    "sma_200",
    "sector_ret_60d",
    "realized_vol_120d",
    "macd_hist",
    "pct_from_52w_low",
    "adv_60d",
    "ret_vs_sector_60d",
    "vol_of_vol_ratio",
    "price_roc_smooth_120d",
    "vwap_dev_avg_20d",
    "reversal_20v60",
    "vol_regime_change",
    "beta_60d",
    "macd_signal",
    "dilution_pct",
    "current_ratio",
    "model_error_ticker_5",
    "model_error_sector_20d",
    "model_hit_rate_30d",
    "model_ic_rolling_20d",
    "model_error_vol_20d"
  ],
  "aggregate": {
    "n_features": 33,
    "n_folds": 16,
    "mean_ic": 0.0502612446473316,
    "ic_std": 0.03958346175746162,
    "mean_sharpe": 2.938730487700184,
    "mean_return": 2.2875975281928502,
    "median_return": 0.6140923561635409,
    "mean_alpha": 2.29350738111984,
    "mean_win_rate": 0.44875,
    "selectivity_median": -0.02418139857420235,
    "folds_positive_ret": "13/16",
    "folds_positive_alpha": "14/16",
    "total_trades": 1600
  },
  "folds": [
    {
      "fold": 1,
      "period": "2022-06->2022-09",
      "train_rows": 362724,
      "test_rows": 53623,
      "mean_ic": 0.0008044094555636731,
      "ic_ir": 0.006383333990003111,
      "hit_rate_ic": 0.015151515151515152,
      "total_return": 0.4340321101242821,
      "sharpe": 2.2407422562754,
      "max_dd": -0.1403071615379791,
      "n_trades": 112,
      "win_rate": 0.4017857142857143,
      "median_return": -0.05163540725617968,
      "market_return": -0.03821656050955413
    },
    {
      "fold": 2,
      "period": "2022-09->2022-12",
      "train_rows": 416347,
      "test_rows": 50326,
      "mean_ic": -0.015990993998505152,
      "ic_ir": -0.2163390061520378,
      "hit_rate_ic": 0.015384615384615385,
      "total_return": -0.4409310689011068,
      "sharpe": -3.243308518569861,
      "max_dd": -0.5214053434198603,
      "n_trades": 104,
      "win_rate": 0.33653846153846156,
      "median_return": -0.10709976298211593,
      "market_return": -0.019856630824372723
    },
    {
      "fold": 3,
      "period": "2022-12->2023-03",
      "train_rows": 466673,
      "test_rows": 47477,
      "mean_ic": 0.048366984177721804,
      "ic_ir": 0.33667840673204324,
      "hit_rate_ic": 0.015625,
      "total_return": -0.011627735551779983,
      "sharpe": 0.41797302937393405,
      "max_dd": -0.5401170555948729,
      "n_trades": 104,
      "win_rate": 0.375,
      "median_return": -0.09349593495934955,
      "market_return": -0.029781771501925625
    },
    {
      "fold": 4,
      "period": "2023-03->2023-06",
      "train_rows": 514150,
      "test_rows": 46348,
      "mean_ic": 0.052692463994488556,
      "ic_ir": 1.1158256210985127,
      "hit_rate_ic": 0.015384615384615385,
      "total_return": 0.5827655836971535,
      "sharpe": 2.8798636686683525,
      "max_dd": -0.1475257812604251,
      "n_trades": 104,
      "win_rate": 0.41346153846153844,
      "median_return": -0.043933333333333366,
      "market_return": 0.02517348297028077
    },
    {
      "fold": 5,
      "period": "2023-06->2023-09",
      "train_rows": 560498,
      "test_rows": 44159,
      "mean_ic": 0.0820443418950303,
      "ic_ir": 0.7695170475278036,
      "hit_rate_ic": 0.015384615384615385,
      "total_return": -0.2831440220788751,
      "sharpe": -0.11907392901821562,
      "max_dd": -0.656625140580222,
      "n_trades": 104,
      "win_rate": 0.2403846153846154,
      "median_return": -0.08294716003806704,
      "market_return": -0.05430242272347541
    },
    {
      "fold": 6,
      "period": "2023-09->2023-12",
      "train_rows": 604657,
      "test_rows": 43195,
      "mean_ic": 0.054101056877671264,
      "ic_ir": 0.5629902199311364,
      "hit_rate_ic": 0.015151515151515152,
      "total_return": 0.22324502890890385,
      "sharpe": 1.2344881659687048,
      "max_dd": -0.3019524810728144,
      "n_trades": 112,
      "win_rate": 0.4107142857142857,
      "median_return": -0.03787629994526552,
      "market_return": 0.03621328771029386
    },
    {
      "fold": 7,
      "period": "2023-12->2024-03",
      "train_rows": 647852,
      "test_rows": 40262,
      "mean_ic": 0.08799528124750991,
      "ic_ir": 1.445492752448518,
      "hit_rate_ic": 0.015625,
      "total_return": 4.841651087620826,
      "sharpe": 5.176283945153037,
      "max_dd": -0.35630425447121583,
      "n_trades": 104,
      "win_rate": 0.4423076923076923,
      "median_return": -0.02942537313432836,
      "market_return": -0.008633093525179936
    },
    {
      "fold": 8,
      "period": "2024-03->2024-06",
      "train_rows": 688114,
      "test_rows": 38677,
      "mean_ic": 0.10181004416130843,
      "ic_ir": 1.7047985702745085,
      "hit_rate_ic": 0.015625,
      "total_return": 0.37244495117176646,
      "sharpe": 2.494156245362389,
      "max_dd": -0.1335266302400973,
      "n_trades": 104,
      "win_rate": 0.4423076923076923,
      "median_return": -0.04367859791939224,
      "market_return": -0.038262367824773436
    },
    {
      "fold": 9,
      "period": "2024-06->2024-09",
      "train_rows": 726791,
      "test_rows": 38728,
      "mean_ic": 0.10962394497233248,
      "ic_ir": 2.0281419569886237,
      "hit_rate_ic": 0.015151515151515152,
      "total_return": 1.3069753117255907,
      "sharpe": 3.584619777409638,
      "max_dd": -0.34953150865327276,
      "n_trades": 112,
      "win_rate": 0.5535714285714286,
      "median_return": 0.014309340053551754,
      "market_return": 0.06211862634984999
    },
    {
      "fold": 10,
      "period": "2024-09->2025-01",
      "train_rows": 765519,
      "test_rows": 36209,
      "mean_ic": 0.06611852871291184,
      "ic_ir": 1.8488887597267705,
      "hit_rate_ic": 0.015384615384615385,
      "total_return": 13.479128119662795,
      "sharpe": 6.965311345497052,
      "max_dd": -0.08510538071234852,
      "n_trades": 104,
      "win_rate": 0.5192307692307693,
      "median_return": 0.017449392712550606,
      "market_return": 0.0
    },
    {
      "fold": 11,
      "period": "2025-01->2025-04",
      "train_rows": 801728,
      "test_rows": 33623,
      "mean_ic": 0.08215427583331109,
      "ic_ir": 1.3895740396667815,
      "hit_rate_ic": 0.015625,
      "total_return": 1.9594941919071514,
      "sharpe": 5.836186769781595,
      "max_dd": -0.05468349234306797,
      "n_trades": 104,
      "win_rate": 0.375,
      "median_return": -0.08899326085574416,
      "market_return": -0.20202751629254168
    },
    {
      "fold": 12,
      "period": "2025-04->2025-07",
      "train_rows": 835351,
      "test_rows": 31199,
      "mean_ic": 0.02187276244803945,
      "ic_ir": 0.5235635642587497,
      "hit_rate_ic": 0.015873015873015872,
      "total_return": 10.176040491786518,
      "sharpe": 8.537811902917127,
      "max_dd": -0.0015064500270705568,
      "n_trades": 104,
      "win_rate": 0.7019230769230769,
      "median_return": 0.10275229357798157,
      "market_return": 0.18234643054786925
    },
    {
      "fold": 13,
      "period": "2025-07->2025-10",
      "train_rows": 866550,
      "test_rows": 30503,
      "mean_ic": 0.02068654089427813,
      "ic_ir": 0.4150637964378345,
      "hit_rate_ic": 0.014925373134328358,
      "total_return": 0.9038643223119109,
      "sharpe": 3.0936838845109738,
      "max_dd": -0.2922878262824168,
      "n_trades": 112,
      "win_rate": 0.44642857142857145,
      "median_return": -0.028610218881419965,
      "market_return": 0.001808318264014508
    },
    {
      "fold": 14,
      "period": "2025-10->2026-01",
      "train_rows": 897053,
      "test_rows": 25818,
      "mean_ic": -0.02224387647687478,
      "ic_ir": -0.4091615089127244,
      "hit_rate_ic": 0.015625,
      "total_return": 0.6454191286299282,