{
  "config_name": "v3_hp_leaves31",
  "n_features": 33,
  "feat_cols": [
    "max_dd_60d",
    "vol_of_vol_60d",
    "ret_kurtosis_60d",
    "avg_trade_size_20d",
    "obv",
    "obv_vs_sma_60d",
    "amihud_60d",
    "downside_vol_60d",
    "ema_26",
    "spread_proxy_20d",
    "ret_skew_60d",
    "ret_252d",
    "sma_200",
    "sector_ret_60d",
    "realized_vol_120d",
    "macd_hist",
    "pct_from_52w_low",
    "adv_60d",
    "ret_vs_sector_60d",
    "vol_of_vol_ratio",
    "price_roc_smooth_120d",
    "vwap_dev_avg_20d",
    "reversal_20v60",
    "vol_regime_change",
    "beta_60d",
    "macd_signal",
    "dilution_pct",
    "current_ratio",
    "model_error_ticker_5",
    "model_error_sector_20d",
    "model_hit_rate_30d",
    "model_ic_rolling_20d",
    "model_error_vol_20d"
  ],
  "aggregate": {
    "n_features": 33,
    "n_folds": 16,
    "mean_ic": 0.020397689473977694,
    "ic_std": 0.03570311282823055,
    "mean_sharpe": 2.676818844653822,
    "mean_return": 1.6507322521939152,
    "median_return": 0.8324054240880043,
    "mean_alpha": 1.6566421051209048,
    "mean_win_rate": 0.47375,
    "selectivity_median": -0.004764242168323003,
    "folds_positive_ret": "14/16",
    "folds_positive_alpha": "14/16",
    "total_trades": 1600
  },
  "folds": [
    {
      "fold": 1,
      "period": "2022-06->2022-09",
      "train_rows": 362724,
      "test_rows": 53623,
      "mean_ic": 0.018984694996807838,
      "ic_ir": 0.2841409992898656,
      "hit_rate_ic": 0,
      "total_return": 1.1044793565938367,
      "sharpe": 3.360869191766015,
      "max_dd": -0.26063416299561465,
      "n_trades": 112,
      "win_rate": 0.4375,
      "median_return": -0.007064269182837831,
      "market_return": -0.03821656050955413
    },
    {
      "fold": 2,
      "period": "2022-09->2022-12",
      "train_rows": 416347,
      "test_rows": 50326,
      "mean_ic": -0.07232322748167537,
      "ic_ir": -1.4364267755492832,
      "hit_rate_ic": 0,
      "total_return": -0.31493060339919243,
      "sharpe": -2.5333306611562243,
      "max_dd": -0.3917117729804423,
      "n_trades": 104,
      "win_rate": 0.41346153846153844,
      "median_return": -0.06177156177156179,
      "market_return": -0.019856630824372723
    },
    {
      "fold": 3,
      "period": "2022-12->2023-03",
      "train_rows": 466673,
      "test_rows": 47477,
      "mean_ic": 0.04135684656989701,
      "ic_ir": 0.4769993524727186,
      "hit_rate_ic": 0,
      "total_return": 0.7267467576227664,
      "sharpe": 2.552289677592416,
      "max_dd": -0.32646016437008296,
      "n_trades": 104,
      "win_rate": 0.5384615384615384,
      "median_return": 0.003776576561346559,
      "market_return": -0.029781771501925625
    },
    {
      "fold": 4,
      "period": "2023-03->2023-06",
      "train_rows": 514150,
      "test_rows": 46348,
      "mean_ic": -0.007769473654037085,
      "ic_ir": -0.1269325683943613,
      "hit_rate_ic": 0,
      "total_return": 0.2873424531477078,
      "sharpe": 1.3609304472692998,
      "max_dd": -0.5242088523799869,
      "n_trades": 104,
      "win_rate": 0.41346153846153844,
      "median_return": -0.04450077821011672,
      "market_return": 0.02517348297028077
    },
    {
      "fold": 5,
      "period": "2023-06->2023-09",
      "train_rows": 560498,
      "test_rows": 44159,
      "mean_ic": -0.004790922626229137,
      "ic_ir": -0.11618815915085594,
      "hit_rate_ic": 0,
      "total_return": 0.04424747940237217,
      "sharpe": 0.56846235507572,
      "max_dd": -0.31229789424949855,
      "n_trades": 104,
      "win_rate": 0.34615384615384615,
      "median_return": -0.0602956152741206,
      "market_return": -0.05430242272347541
    },
    {
      "fold": 6,
      "period": "2023-09->2023-12",
      "train_rows": 604657,
      "test_rows": 43195,
      "mean_ic": 0.01655044026808123,
      "ic_ir": 0.25215033299335926,
      "hit_rate_ic": 0,
      "total_return": 1.015158207844887,
      "sharpe": 3.6601428400777003,
      "max_dd": -0.0869471071779298,
      "n_trades": 112,
      "win_rate": 0.5178571428571429,
      "median_return": 0.007412666856006764,
      "market_return": 0.03621328771029386
    },
    {
      "fold": 7,
      "period": "2023-12->2024-03",
      "train_rows": 647852,
      "test_rows": 40262,
      "mean_ic": -0.01097887078356172,
      "ic_ir": -0.31177328535223675,
      "hit_rate_ic": 0,
      "total_return": 0.9380640905532422,
      "sharpe": 2.906602624190587,
      "max_dd": -0.317339204805652,
      "n_trades": 104,
      "win_rate": 0.41346153846153844,
      "median_return": -0.07444804177545694,
      "market_return": -0.008633093525179936
    },
    {
      "fold": 8,
      "period": "2024-03->2024-06",
      "train_rows": 688114,
      "test_rows": 38677,
      "mean_ic": 0.03332062181023406,
      "ic_ir": 0.8887838596380843,
      "hit_rate_ic": 0,
      "total_return": -0.41156501625804254,
      "sharpe": -8.480335658668876,
      "max_dd": -0.4036016272445665,
      "n_trades": 104,
      "win_rate": 0.3269230769230769,
      "median_return": -0.021501779821125985,
      "market_return": -0.038262367824773436
    },
    {
      "fold": 9,
      "period": "2024-06->2024-09",
      "train_rows": 726791,
      "test_rows": 38728,
      "mean_ic": 0.03066731685011795,
      "ic_ir": 1.069895429506423,
      "hit_rate_ic": 0,
      "total_return": 0.34663946387114564,
      "sharpe": 2.0387746137027216,
      "max_dd": -0.18608314153285807,
      "n_trades": 112,
      "win_rate": 0.5267857142857143,
      "median_return": 0.001590765240551478,
      "market_return": 0.06211862634984999
    },
    {
      "fold": 10,
      "period": "2024-09->2025-01",
      "train_rows": 765519,
      "test_rows": 36209,
      "mean_ic": 0.046591225777718376,
      "ic_ir": 0.7303384492190423,
      "hit_rate_ic": 0,
      "total_return": 3.1640208629603945,
      "sharpe": 5.833495612180758,
      "max_dd": -0.06640935014149084,
      "n_trades": 104,
      "win_rate": 0.4326923076923077,
      "median_return": -0.016950810371978806,
      "market_return": 0.0
    },
    {
      "fold": 11,
      "period": "2025-01->2025-04",
      "train_rows": 801728,
      "test_rows": 33623,
      "mean_ic": 0.026900963588075127,
      "ic_ir": 0.6993759087562488,
      "hit_rate_ic": 0,
      "total_return": 1.352974807629645,
      "sharpe": 5.950240858944931,
      "max_dd": -0.05646771886825397,
      "n_trades": 104,
      "win_rate": 0.4326923076923077,
      "median_return": -0.06310934885617475,
      "market_return": -0.20202751629254168
    },
    {
      "fold": 12,
      "period": "2025-04->2025-07",
      "train_rows": 835351,
      "test_rows": 31199,
      "mean_ic": 0.06759534762647827,
      "ic_ir": 1.350036537804077,
      "hit_rate_ic": 0,
      "total_return": 9.66697343873287,
      "sharpe": 7.387184540966845,
      "max_dd": -0.029473850496220446,
      "n_trades": 104,
      "win_rate": 0.6442307692307693,
      "median_return": 0.06746031746031741,
      "market_return": 0.18234643054786925
    },
    {
      "fold": 13,
      "period": "2025-07->2025-10",
      "train_rows": 866550,
      "test_rows": 30503,
      "mean_ic": 0.047778418327094216,
      "ic_ir": 0.8876023888961705,
      "hit_rate_ic": 0,
      "total_return": 5.997116319936053,
      "sharpe": 11.211322472106717,
      "max_dd": -0.02968721976411856,
      "n_trades": 112,
      "win_rate": 0.6875,
      "median_return": 0.06105185118299403,
      "market_return": 0.001808318264014508
    },
    {
      "fold": 14,
      "period": "2025-10->2026-01",
      "train_rows": 897053,
      "test_rows": 25818,
      "mean_ic": -0.01805715172086149,
      "ic_ir": -0.33247811673743083,
      "hit_rate_ic": 0,
      "total_return": 0.6619496390617434,
      "sharpe": 2.789099582406714,
      "max_dd": -0.24306398077396146,
      "n_trades": 104,
      "win_rate": 0.47115384615384615,
      "median_return": -0.013353350189633288,