{
  "config_name": "v3_hp_minc30",
  "n_features": 33,
  "feat_cols": [
    "max_dd_60d",
    "vol_of_vol_60d",
    "ret_kurtosis_60d",
    "avg_trade_size_20d",
    "obv",
    "obv_vs_sma_60d",
    "amihud_60d",
    "downside_vol_60d",
    "ema_26",
    "spread_proxy_20d",
    "ret_skew_60d",
    "ret_252d",
    "sma_200",
    "sector_ret_60d",
    "realized_vol_120d",
    "macd_hist",
    "pct_from_52w_low",
    "adv_60d",
    "ret_vs_sector_60d",
    "vol_of_vol_ratio",
    "price_roc_smooth_120d",
    "vwap_dev_avg_20d",
    "reversal_20v60",
    "vol_regime_change",
    "beta_60d",
    "macd_signal",
    "dilution_pct",
    "current_ratio",
    "model_error_ticker_5",
    "model_error_sector_20d",
    "model_hit_rate_30d",
    "model_ic_rolling_20d",
    "model_error_vol_20d"
  ],
  "aggregate": {
    "n_features": 33,
    "n_folds": 16,
    "mean_ic": 0.029813823012132278,
    "ic_std": 0.026331382774763504,
    "mean_sharpe": 2.7059792721943143,
    "mean_return": 1.8466664366635201,
    "median_return": 0.69308266744446,
    "mean_alpha": 1.8525762895905098,
    "mean_win_rate": 0.47375,
    "selectivity_median": -0.0150960670654691,
    "folds_positive_ret": "12/16",
    "folds_positive_alpha": "12/16",
    "total_trades": 1600
  },
  "folds": [
    {
      "fold": 1,
      "period": "2022-06->2022-09",
      "train_rows": 362724,
      "test_rows": 53623,
      "mean_ic": 0.012438501919128098,
      "ic_ir": 0.1478456904379994,
      "hit_rate_ic": 0,
      "total_return": 3.298941719179192,
      "sharpe": 4.946490673503219,
      "max_dd": -0.1286780254463275,
      "n_trades": 112,
      "win_rate": 0.4732142857142857,
      "median_return": -0.00950541236649191,
      "market_return": -0.03821656050955413
    },
    {
      "fold": 2,
      "period": "2022-09->2022-12",
      "train_rows": 416347,
      "test_rows": 50326,
      "mean_ic": -0.00798161444239467,
      "ic_ir": -0.14068729633163898,
      "hit_rate_ic": 0,
      "total_return": -0.4490567083908821,
      "sharpe": -6.4425276401537435,
      "max_dd": -0.43870884555288703,
      "n_trades": 104,
      "win_rate": 0.28846153846153844,
      "median_return": -0.11080258190232616,
      "market_return": -0.019856630824372723
    },
    {
      "fold": 3,
      "period": "2022-12->2023-03",
      "train_rows": 466673,
      "test_rows": 47477,
      "mean_ic": 0.030626174855619998,
      "ic_ir": 0.4720129245863523,
      "hit_rate_ic": 0,
      "total_return": 0.817945414233642,
      "sharpe": 3.0097253330075517,
      "max_dd": -0.21069458232562432,
      "n_trades": 104,
      "win_rate": 0.6057692307692307,
      "median_return": 0.004015362214350091,
      "market_return": -0.029781771501925625
    },
    {
      "fold": 4,
      "period": "2023-03->2023-06",
      "train_rows": 514150,
      "test_rows": 46348,
      "mean_ic": -0.012237585566381062,
      "ic_ir": -0.3637253957698595,
      "hit_rate_ic": 0,
      "total_return": -0.003579602809062443,
      "sharpe": 0.3194849114331169,
      "max_dd": -0.39097760491253425,
      "n_trades": 104,
      "win_rate": 0.3942307692307692,
      "median_return": -0.0726442378998368,
      "market_return": 0.02517348297028077
    },
    {
      "fold": 5,
      "period": "2023-06->2023-09",
      "train_rows": 560498,
      "test_rows": 44159,
      "mean_ic": 0.014258065865875275,
      "ic_ir": 0.22706103396030125,
      "hit_rate_ic": 0,
      "total_return": -0.13372153956898536,
      "sharpe": -0.540144812844437,
      "max_dd": -0.4527040590499017,
      "n_trades": 104,
      "win_rate": 0.41346153846153844,
      "median_return": -0.035588943244394794,
      "market_return": -0.05430242272347541
    },
    {
      "fold": 6,
      "period": "2023-09->2023-12",
      "train_rows": 604657,
      "test_rows": 43195,
      "mean_ic": 0.015227803537302657,
      "ic_ir": 0.1854521546386259,
      "hit_rate_ic": 0,
      "total_return": 1.149780114365,
      "sharpe": 3.7662830765264137,
      "max_dd": -0.14747311280979122,
      "n_trades": 112,
      "win_rate": 0.49107142857142855,
      "median_return": 0.0,
      "market_return": 0.03621328771029386
    },
    {
      "fold": 7,
      "period": "2023-12->2024-03",
      "train_rows": 647852,
      "test_rows": 40262,
      "mean_ic": 0.051554685935954116,
      "ic_ir": 0.919792682037007,
      "hit_rate_ic": 0,
      "total_return": 6.006649304327514,
      "sharpe": 5.318148880121149,
      "max_dd": -0.11799715411889572,
      "n_trades": 104,
      "win_rate": 0.5576923076923077,
      "median_return": 0.0031876691154527678,
      "market_return": -0.008633093525179936
    },
    {
      "fold": 8,
      "period": "2024-03->2024-06",
      "train_rows": 688114,
      "test_rows": 38677,
      "mean_ic": 0.05812527276698459,
      "ic_ir": 1.1556927789150344,
      "hit_rate_ic": 0,
      "total_return": -0.19874723053146648,
      "sharpe": -1.283450938351703,
      "max_dd": -0.38332361018369404,
      "n_trades": 104,
      "win_rate": 0.4326923076923077,
      "median_return": -0.004902371909309095,
      "market_return": -0.038262367824773436
    },
    {
      "fold": 9,
      "period": "2024-06->2024-09",
      "train_rows": 726791,
      "test_rows": 38728,
      "mean_ic": 0.07731781192296477,
      "ic_ir": 2.073997733124504,
      "hit_rate_ic": 0,
      "total_return": 0.2292871598001076,
      "sharpe": 1.4426956440776422,
      "max_dd": -0.1902105833132104,
      "n_trades": 112,
      "win_rate": 0.44642857142857145,
      "median_return": -0.008739177298569219,
      "market_return": 0.06211862634984999
    },
    {
      "fold": 10,
      "period": "2024-09->2025-01",
      "train_rows": 765519,
      "test_rows": 36209,
      "mean_ic": 0.02566804346313377,
      "ic_ir": 0.7430418582567424,
      "hit_rate_ic": 0,
      "total_return": 3.0565023307498453,
      "sharpe": 4.7899372556287085,
      "max_dd": -0.22352447184625074,
      "n_trades": 104,
      "win_rate": 0.4423076923076923,
      "median_return": -0.01795668953687821,
      "market_return": 0.0
    },
    {
      "fold": 11,
      "period": "2025-01->2025-04",
      "train_rows": 801728,
      "test_rows": 33623,
      "mean_ic": 0.07407826028177965,
      "ic_ir": 1.5625257233902103,
      "hit_rate_ic": 0,
      "total_return": 0.568219920655278,
      "sharpe": 1.8745568144845215,
      "max_dd": -0.4440115416067171,
      "n_trades": 104,
      "win_rate": 0.3173076923076923,
      "median_return": -0.1015324572166007,
      "market_return": -0.20202751629254168
    },
    {
      "fold": 12,
      "period": "2025-04->2025-07",
      "train_rows": 835351,
      "test_rows": 31199,
      "mean_ic": 0.03390244271329594,
      "ic_ir": 0.7794183505945489,
      "hit_rate_ic": 0,
      "total_return": 7.37351567327644,
      "sharpe": 8.732244793007414,
      "max_dd": -0.03744685834338461,
      "n_trades": 104,
      "win_rate": 0.6923076923076923,
      "median_return": 0.0880772005772005,
      "market_return": 0.18234643054786925
    },
    {
      "fold": 13,
      "period": "2025-07->2025-10",
      "train_rows": 866550,
      "test_rows": 30503,
      "mean_ic": 0.004736528862514897,
      "ic_ir": 0.09509762988767229,
      "hit_rate_ic": 0,
      "total_return": 3.6864634663243745,
      "sharpe": 7.727387313544332,
      "max_dd": -0.07572047740234836,
      "n_trades": 112,
      "win_rate": 0.5803571428571429,
      "median_return": 0.01308384729830903,
      "market_return": 0.001808318264014508
    },
    {
      "fold": 14,
      "period": "2025-10->2026-01",
      "train_rows": 897053,
      "test_rows": 25818,
      "mean_ic": 0.010713941786811974,
      "ic_ir": 0.2021051979956841,
      "hit_rate_ic": 0,
      "total_return": 0.44577990195987693,
      "sharpe": 2.6263694462567644,
      "max_dd": -0.1870222420371838,
      "n_trades": 104,
      "win_rate": 0.4519230769230769,
      "median_return": -0.016504329004329018,