{
  "config_name": "v3_hp_minc100",
  "n_features": 33,
  "feat_cols": [
    "max_dd_60d",
    "vol_of_vol_60d",
    "ret_kurtosis_60d",
    "avg_trade_size_20d",
    "obv",
    "obv_vs_sma_60d",
    "amihud_60d",
    "downside_vol_60d",
    "ema_26",
    "spread_proxy_20d",
    "ret_skew_60d",
    "ret_252d",
    "sma_200",
    "sector_ret_60d",
    "realized_vol_120d",
    "macd_hist",
    "pct_from_52w_low",
    "adv_60d",
    "ret_vs_sector_60d",
    "vol_of_vol_ratio",
    "price_roc_smooth_120d",
    "vwap_dev_avg_20d",
    "reversal_20v60",
    "vol_regime_change",
    "beta_60d",
    "macd_signal",
    "dilution_pct",
    "current_ratio",
    "model_error_ticker_5",
    "model_error_sector_20d",
    "model_hit_rate_30d",
    "model_ic_rolling_20d",
    "model_error_vol_20d"
  ],
  "aggregate": {
    "n_features": 33,
    "n_folds": 16,
    "mean_ic": 0.024180569009934517,
    "ic_std": 0.024476677638149716,
    "mean_sharpe": 2.974474941049115,
    "mean_return": 1.81659044674351,
    "median_return": 0.5788137812481393,
    "mean_alpha": 1.8225002996704995,
    "mean_win_rate": 0.478125,
    "selectivity_median": -0.014099806192964567,
    "folds_positive_ret": "14/16",
    "folds_positive_alpha": "14/16",
    "total_trades": 1600
  },
  "folds": [
    {
      "fold": 1,
      "period": "2022-06->2022-09",
      "train_rows": 362724,
      "test_rows": 53623,
      "mean_ic": 0.03392330921109607,
      "ic_ir": 0.3987664129710051,
      "hit_rate_ic": 0,
      "total_return": 0.9079299316565239,
      "sharpe": 3.110844040619854,
      "max_dd": -0.1893298927360474,
      "n_trades": 112,
      "win_rate": 0.44642857142857145,
      "median_return": -0.021023502589268255,
      "market_return": -0.03821656050955413
    },
    {
      "fold": 2,
      "period": "2022-09->2022-12",
      "train_rows": 416347,
      "test_rows": 50326,
      "mean_ic": -0.05080045344461647,
      "ic_ir": -1.284797834980289,
      "hit_rate_ic": 0,
      "total_return": -0.35552276146821926,
      "sharpe": -2.824761083846526,
      "max_dd": -0.4264384805829009,
      "n_trades": 104,
      "win_rate": 0.375,
      "median_return": -0.07531497461369188,
      "market_return": -0.019856630824372723
    },
    {
      "fold": 3,
      "period": "2022-12->2023-03",
      "train_rows": 466673,
      "test_rows": 47477,
      "mean_ic": 0.03053561595894956,
      "ic_ir": 0.5610789415732187,
      "hit_rate_ic": 0,
      "total_return": 0.7433495233510894,
      "sharpe": 2.7579101928999794,
      "max_dd": -0.24361335754260707,
      "n_trades": 104,
      "win_rate": 0.5865384615384616,
      "median_return": 0.006735124359533589,
      "market_return": -0.029781771501925625
    },
    {
      "fold": 4,
      "period": "2023-03->2023-06",
      "train_rows": 514150,
      "test_rows": 46348,
      "mean_ic": -0.0011321923412142643,
      "ic_ir": -0.04127902787858738,
      "hit_rate_ic": 0,
      "total_return": 0.34768947970234443,
      "sharpe": 2.2290161932703736,
      "max_dd": -0.22776342055148335,
      "n_trades": 104,
      "win_rate": 0.4326923076923077,
      "median_return": -0.05707974241534705,
      "market_return": 0.02517348297028077
    },
    {
      "fold": 5,
      "period": "2023-06->2023-09",
      "train_rows": 560498,
      "test_rows": 44159,
      "mean_ic": 0.02636059125302283,
      "ic_ir": 0.31652662365094514,
      "hit_rate_ic": 0,
      "total_return": -0.3674736383695203,
      "sharpe": -2.839840730725509,
      "max_dd": -0.5186469019049318,
      "n_trades": 104,
      "win_rate": 0.34615384615384615,
      "median_return": -0.04787333180184913,
      "market_return": -0.05430242272347541
    },
    {
      "fold": 6,
      "period": "2023-09->2023-12",
      "train_rows": 604657,
      "test_rows": 43195,
      "mean_ic": 0.004953156520856823,
      "ic_ir": 0.08434588253326711,
      "hit_rate_ic": 0,
      "total_return": 0.20886814699073675,
      "sharpe": 1.138171131350459,
      "max_dd": -0.2537757748787231,
      "n_trades": 112,
      "win_rate": 0.45535714285714285,
      "median_return": -0.01865943238083055,
      "market_return": 0.03621328771029386
    },
    {
      "fold": 7,
      "period": "2023-12->2024-03",
      "train_rows": 647852,
      "test_rows": 40262,
      "mean_ic": 0.021887010555160492,
      "ic_ir": 0.4384652722249979,
      "hit_rate_ic": 0,
      "total_return": 4.789532043214609,
      "sharpe": 4.869657604049699,
      "max_dd": -0.15962748376945043,
      "n_trades": 104,
      "win_rate": 0.6346153846153846,
      "median_return": 0.006433483980718853,
      "market_return": -0.008633093525179936
    },
    {
      "fold": 8,
      "period": "2024-03->2024-06",
      "train_rows": 688114,
      "test_rows": 38677,
      "mean_ic": 0.051206319615649365,
      "ic_ir": 0.8990683757610765,
      "hit_rate_ic": 0,
      "total_return": 0.5729703156488186,
      "sharpe": 3.0630008469575465,
      "max_dd": -0.21951376739825498,
      "n_trades": 104,
      "win_rate": 0.47115384615384615,
      "median_return": -0.012100745743632995,
      "market_return": -0.038262367824773436
    },
    {
      "fold": 9,
      "period": "2024-06->2024-09",
      "train_rows": 726791,
      "test_rows": 38728,
      "mean_ic": 0.04206087513193813,
      "ic_ir": 1.0452265762439257,
      "hit_rate_ic": 0,
      "total_return": 0.58465724684746,
      "sharpe": 2.237434916118117,
      "max_dd": -0.24244505265478508,
      "n_trades": 112,
      "win_rate": 0.45535714285714285,
      "median_return": -0.005457879953449915,
      "market_return": 0.06211862634984999
    },
    {
      "fold": 10,
      "period": "2024-09->2025-01",
      "train_rows": 765519,
      "test_rows": 36209,
      "mean_ic": 0.024402985043582244,
      "ic_ir": 0.6717476924992254,
      "hit_rate_ic": 0,
      "total_return": 3.447995300443419,
      "sharpe": 5.768394717263434,
      "max_dd": -0.14309132159185783,
      "n_trades": 104,
      "win_rate": 0.4519230769230769,
      "median_return": -0.016587243401759523,
      "market_return": 0.0
    },
    {
      "fold": 11,
      "period": "2025-01->2025-04",
      "train_rows": 801728,
      "test_rows": 33623,
      "mean_ic": 0.056883675859506794,
      "ic_ir": 1.6991408088920015,
      "hit_rate_ic": 0,
      "total_return": 0.3320950756110166,
      "sharpe": 2.4043582548278715,
      "max_dd": -0.099836514806061,
      "n_trades": 104,
      "win_rate": 0.3173076923076923,
      "median_return": -0.10370532056763881,
      "market_return": -0.20202751629254168
    },
    {
      "fold": 12,
      "period": "2025-04->2025-07",
      "train_rows": 835351,
      "test_rows": 31199,
      "mean_ic": 0.037460902598404636,
      "ic_ir": 0.9951595757557012,
      "hit_rate_ic": 0,
      "total_return": 9.21089051710106,
      "sharpe": 9.600779199268212,
      "max_dd": -0.04449735218462033,
      "n_trades": 104,
      "win_rate": 0.6634615384615384,
      "median_return": 0.06346808612669641,
      "market_return": 0.18234643054786925
    },
    {
      "fold": 13,
      "period": "2025-07->2025-10",
      "train_rows": 866550,
      "test_rows": 30503,
      "mean_ic": 0.020600363634490772,
      "ic_ir": 0.676995987048243,
      "hit_rate_ic": 0,
      "total_return": 5.174405485350287,
      "sharpe": 7.922769576378157,
      "max_dd": -0.08409301671149771,
      "n_trades": 112,
      "win_rate": 0.5892857142857143,
      "median_return": 0.012933362134139769,
      "market_return": 0.001808318264014508
    },
    {
      "fold": 14,
      "period": "2025-10->2026-01",
      "train_rows": 897053,
      "test_rows": 25818,
      "mean_ic": 0.015419866223797579,
      "ic_ir": 0.3189047294451674,
      "hit_rate_ic": 0,
      "total_return": 0.3877836553606595,
      "sharpe": 2.035008738618892,
      "max_dd": -0.1721954861394782,
      "n_trades": 104,
      "win_rate": 0.4519230769230769,
      "median_return": -0.016504329004329018,