{
  "config_name": "v3_hp_reg2",
  "n_features": 33,
  "feat_cols": [
    "max_dd_60d",
    "vol_of_vol_60d",
    "ret_kurtosis_60d",
    "avg_trade_size_20d",
    "obv",
    "obv_vs_sma_60d",
    "amihud_60d",
    "downside_vol_60d",
    "ema_26",
    "spread_proxy_20d",
    "ret_skew_60d",
    "ret_252d",
    "sma_200",
    "sector_ret_60d",
    "realized_vol_120d",
    "macd_hist",
    "pct_from_52w_low",
    "adv_60d",
    "ret_vs_sector_60d",
    "vol_of_vol_ratio",
    "price_roc_smooth_120d",
    "vwap_dev_avg_20d",
    "reversal_20v60",
    "vol_regime_change",
    "beta_60d",
    "macd_signal",
    "dilution_pct",
    "current_ratio",
    "model_error_ticker_5",
    "model_error_sector_20d",
    "model_hit_rate_30d",
    "model_ic_rolling_20d",
    "model_error_vol_20d"
  ],
  "aggregate": {
    "n_features": 33,
    "n_folds": 16,
    "mean_ic": 0.028033628744890016,
    "ic_std": 0.027816682488685032,
    "mean_sharpe": 3.195818668771923,
    "mean_return": 2.5643934917378055,
    "median_return": 0.8361425233059592,
    "mean_alpha": 2.5703033446647954,
    "mean_win_rate": 0.505,
    "selectivity_median": -0.00033311417708308585,
    "folds_positive_ret": "13/16",
    "folds_positive_alpha": "13/16",
    "total_trades": 1600
  },
  "folds": [
    {
      "fold": 1,
      "period": "2022-06->2022-09",
      "train_rows": 362724,
      "test_rows": 53623,
      "mean_ic": 0.006088107485326745,
      "ic_ir": 0.08050254933240228,
      "hit_rate_ic": 0,
      "total_return": 2.8925744488025167,
      "sharpe": 3.5766821155773934,
      "max_dd": -0.29490941202996673,
      "n_trades": 112,
      "win_rate": 0.45535714285714285,
      "median_return": -0.0266721755497406,
      "market_return": -0.03821656050955413
    },
    {
      "fold": 2,
      "period": "2022-09->2022-12",
      "train_rows": 416347,
      "test_rows": 50326,
      "mean_ic": -0.037975717780946015,
      "ic_ir": -0.7043479150942219,
      "hit_rate_ic": 0,
      "total_return": -0.44731383511438616,
      "sharpe": -3.5642531484249598,
      "max_dd": -0.5077776862989855,
      "n_trades": 104,
      "win_rate": 0.3557692307692308,
      "median_return": -0.08157609316927789,
      "market_return": -0.019856630824372723
    },
    {
      "fold": 3,
      "period": "2022-12->2023-03",
      "train_rows": 466673,
      "test_rows": 47477,
      "mean_ic": 0.02487089819370871,
      "ic_ir": 0.49198994501313775,
      "hit_rate_ic": 0,
      "total_return": 0.3979194334224687,
      "sharpe": 1.7591335349730297,
      "max_dd": -0.36695188685116914,
      "n_trades": 104,
      "win_rate": 0.5384615384615384,
      "median_return": 0.0024348260903545573,
      "market_return": -0.029781771501925625
    },
    {
      "fold": 4,
      "period": "2023-03->2023-06",
      "train_rows": 514150,
      "test_rows": 46348,
      "mean_ic": 0.0029630111670342994,
      "ic_ir": 0.08784635804430142,
      "hit_rate_ic": 0,
      "total_return": -0.06398104816955441,
      "sharpe": -0.19563319485502564,
      "max_dd": -0.33091324023917007,
      "n_trades": 104,
      "win_rate": 0.4230769230769231,
      "median_return": -0.042162396098858475,
      "market_return": 0.02517348297028077
    },
    {
      "fold": 5,
      "period": "2023-06->2023-09",
      "train_rows": 560498,
      "test_rows": 44159,
      "mean_ic": 0.05460031345169989,
      "ic_ir": 0.8496188095093211,
      "hit_rate_ic": 0,
      "total_return": -0.3793712575586716,
      "sharpe": -3.239590624564884,
      "max_dd": -0.47634725907154474,
      "n_trades": 104,
      "win_rate": 0.34615384615384615,
      "median_return": -0.05167010159519904,
      "market_return": -0.05430242272347541
    },
    {
      "fold": 6,
      "period": "2023-09->2023-12",
      "train_rows": 604657,
      "test_rows": 43195,
      "mean_ic": 0.019886848306382182,
      "ic_ir": 0.31329554938725995,
      "hit_rate_ic": 0,
      "total_return": 0.8202927070655008,
      "sharpe": 2.6882223756287775,
      "max_dd": -0.28296029920454263,
      "n_trades": 112,
      "win_rate": 0.5089285714285714,
      "median_return": 0.004957703555229617,
      "market_return": 0.03621328771029386
    },
    {
      "fold": 7,
      "period": "2023-12->2024-03",
      "train_rows": 647852,
      "test_rows": 40262,
      "mean_ic": 0.02789443572202441,
      "ic_ir": 0.5347127048272294,
      "hit_rate_ic": 0,
      "total_return": 12.036278932948548,
      "sharpe": 7.16134678326742,
      "max_dd": -0.116567003472402,
      "n_trades": 104,
      "win_rate": 0.5192307692307693,
      "median_return": 0.005013188526273751,
      "market_return": -0.008633093525179936
    },
    {
      "fold": 8,
      "period": "2024-03->2024-06",
      "train_rows": 688114,
      "test_rows": 38677,
      "mean_ic": 0.053286049994494634,
      "ic_ir": 1.2975833725012569,
      "hit_rate_ic": 0,
      "total_return": 0.8519923395464175,
      "sharpe": 3.894387379752041,
      "max_dd": -0.16382410524507826,
      "n_trades": 104,
      "win_rate": 0.5384615384615384,
      "median_return": 0.0038842760362303563,
      "market_return": -0.038262367824773436
    },
    {
      "fold": 9,
      "period": "2024-06->2024-09",
      "train_rows": 726791,
      "test_rows": 38728,
      "mean_ic": 0.07950719141247617,
      "ic_ir": 0.977381477946882,
      "hit_rate_ic": 0,
      "total_return": 2.7278384173092065,
      "sharpe": 5.719077682833554,
      "max_dd": -0.0796387081747474,
      "n_trades": 112,
      "win_rate": 0.5982142857142857,
      "median_return": 0.016439798048774237,
      "market_return": 0.06211862634984999
    },
    {
      "fold": 10,
      "period": "2024-09->2025-01",
      "train_rows": 765519,
      "test_rows": 36209,
      "mean_ic": 0.03506661009148382,
      "ic_ir": 0.7184146140254621,
      "hit_rate_ic": 0,
      "total_return": 1.6887781014209624,
      "sharpe": 4.341074554312663,
      "max_dd": -0.18888627912316136,
      "n_trades": 104,
      "win_rate": 0.5192307692307693,
      "median_return": 0.010256679991584233,
      "market_return": 0.0
    },
    {
      "fold": 11,
      "period": "2025-01->2025-04",
      "train_rows": 801728,
      "test_rows": 33623,
      "mean_ic": 0.06405260696611655,
      "ic_ir": 1.6702689384936307,
      "hit_rate_ic": 0,
      "total_return": 0.07775040886781981,
      "sharpe": 0.7398232917495519,
      "max_dd": -0.4433186192091318,
      "n_trades": 104,
      "win_rate": 0.3173076923076923,
      "median_return": -0.09457864046649093,
      "market_return": -0.20202751629254168
    },
    {
      "fold": 12,
      "period": "2025-04->2025-07",
      "train_rows": 835351,
      "test_rows": 31199,
      "mean_ic": 0.038264257538454555,
      "ic_ir": 1.0480336634017329,
      "hit_rate_ic": 0,
      "total_return": 8.79485998300131,
      "sharpe": 9.13441126016204,
      "max_dd": 0.0,
      "n_trades": 104,
      "win_rate": 0.7307692307692307,
      "median_return": 0.10957047539616342,
      "market_return": 0.18234643054786925
    },
    {
      "fold": 13,
      "period": "2025-07->2025-10",
      "train_rows": 866550,
      "test_rows": 30503,
      "mean_ic": 0.007883891998011365,
      "ic_ir": 0.1717535470255972,
      "hit_rate_ic": 0,
      "total_return": 4.46327068054317,
      "sharpe": 8.715722868323251,
      "max_dd": -0.03889102160164208,
      "n_trades": 112,
      "win_rate": 0.5535714285714286,
      "median_return": 0.05175489882299842,
      "market_return": 0.001808318264014508
    },
    {
      "fold": 14,
      "period": "2025-10->2026-01",
      "train_rows": 897053,
      "test_rows": 25818,
      "mean_ic": 0.013018127883475696,
      "ic_ir": 0.29717706705021524,
      "hit_rate_ic": 0,
      "total_return": 0.7639480332481603,
      "sharpe": 2.8189616419939996,
      "max_dd": -0.20755750093409536,
      "n_trades": 104,
      "win_rate": 0.5576923076923077,
      "median_return": 0.006215571237548091,