{
  "config_name": "v3_hp_lr05",
  "n_features": 33,
  "feat_cols": [
    "max_dd_60d",
    "vol_of_vol_60d",
    "ret_kurtosis_60d",
    "avg_trade_size_20d",
    "obv",
    "obv_vs_sma_60d",
    "amihud_60d",
    "downside_vol_60d",
    "ema_26",
    "spread_proxy_20d",
    "ret_skew_60d",
    "ret_252d",
    "sma_200",
    "sector_ret_60d",
    "realized_vol_120d",
    "macd_hist",
    "pct_from_52w_low",
    "adv_60d",
    "ret_vs_sector_60d",
    "vol_of_vol_ratio",
    "price_roc_smooth_120d",
    "vwap_dev_avg_20d",
    "reversal_20v60",
    "vol_regime_change",
    "beta_60d",
    "macd_signal",
    "dilution_pct",
    "current_ratio",
    "model_error_ticker_5",
    "model_error_sector_20d",
    "model_hit_rate_30d",
    "model_ic_rolling_20d",
    "model_error_vol_20d"
  ],
  "aggregate": {
    "n_features": 33,
    "n_folds": 16,
    "mean_ic": 0.03030776496365841,
    "ic_std": 0.036621667602104564,
    "mean_sharpe": 2.530650678426404,
    "mean_return": 2.5721089205699155,
    "median_return": 0.9657514686942142,
    "mean_alpha": 2.578018773496905,
    "mean_win_rate": 0.48875,
    "selectivity_median": -0.004828784626560006,
    "folds_positive_ret": "13/16",
    "folds_positive_alpha": "13/16",
    "total_trades": 1600
  },
  "folds": [
    {
      "fold": 1,
      "period": "2022-06->2022-09",
      "train_rows": 362724,
      "test_rows": 53623,
      "mean_ic": 0.023146380436449458,
      "ic_ir": 0.3467674743040539,
      "hit_rate_ic": 0,
      "total_return": 2.416261869895405,
      "sharpe": 4.803916653191139,
      "max_dd": -0.2045829656642691,
      "n_trades": 112,
      "win_rate": 0.4375,
      "median_return": -0.03538619178856621,
      "market_return": -0.03821656050955413
    },
    {
      "fold": 2,
      "period": "2022-09->2022-12",
      "train_rows": 416347,
      "test_rows": 50326,
      "mean_ic": -0.06092387025117192,
      "ic_ir": -1.5059369928618835,
      "hit_rate_ic": 0,
      "total_return": -0.5502053430400811,
      "sharpe": -4.035997978613394,
      "max_dd": -0.5876419384020093,
      "n_trades": 104,
      "win_rate": 0.27884615384615385,
      "median_return": -0.11347249052232028,
      "market_return": -0.019856630824372723
    },
    {
      "fold": 3,
      "period": "2022-12->2023-03",
      "train_rows": 466673,
      "test_rows": 47477,
      "mean_ic": 0.018757476562360632,
      "ic_ir": 0.23475833155968537,
      "hit_rate_ic": 0,
      "total_return": 0.6564703918199486,
      "sharpe": 2.2738086850719434,
      "max_dd": -0.39740235166193166,
      "n_trades": 104,
      "win_rate": 0.5096153846153846,
      "median_return": 0.001302275296083318,
      "market_return": -0.029781771501925625
    },
    {
      "fold": 4,
      "period": "2023-03->2023-06",
      "train_rows": 514150,
      "test_rows": 46348,
      "mean_ic": 0.002063127020818649,
      "ic_ir": 0.030465583591588654,
      "hit_rate_ic": 0,
      "total_return": 0.2905437984901804,
      "sharpe": 1.6789682546241915,
      "max_dd": -0.335131175027704,
      "n_trades": 104,
      "win_rate": 0.3942307692307692,
      "median_return": -0.04699540126239854,
      "market_return": 0.02517348297028077
    },
    {
      "fold": 5,
      "period": "2023-06->2023-09",
      "train_rows": 560498,
      "test_rows": 44159,
      "mean_ic": 0.011635594652680369,
      "ic_ir": 0.22079603938547362,
      "hit_rate_ic": 0,
      "total_return": -0.49665217963037345,
      "sharpe": -4.672730991067106,
      "max_dd": -0.5911620977861397,
      "n_trades": 104,
      "win_rate": 0.34615384615384615,
      "median_return": -0.05482677870737582,
      "market_return": -0.05430242272347541
    },
    {
      "fold": 6,
      "period": "2023-09->2023-12",
      "train_rows": 604657,
      "test_rows": 43195,
      "mean_ic": 0.029004444280976118,
      "ic_ir": 0.34378113628774687,
      "hit_rate_ic": 0,
      "total_return": 0.6037385569656624,
      "sharpe": 2.382545995419691,
      "max_dd": -0.13213113743544563,
      "n_trades": 112,
      "win_rate": 0.5357142857142857,
      "median_return": 0.013242631701090708,
      "market_return": 0.03621328771029386
    },
    {
      "fold": 7,
      "period": "2023-12->2024-03",
      "train_rows": 647852,
      "test_rows": 40262,
      "mean_ic": 0.06799208169080546,
      "ic_ir": 1.5126581908116068,
      "hit_rate_ic": 0,
      "total_return": 5.769564788711609,
      "sharpe": 5.835728568807653,
      "max_dd": -0.10106936838116994,
      "n_trades": 104,
      "win_rate": 0.5865384615384616,
      "median_return": 0.006122614086769384,
      "market_return": -0.008633093525179936
    },
    {
      "fold": 8,
      "period": "2024-03->2024-06",
      "train_rows": 688114,
      "test_rows": 38677,
      "mean_ic": 0.06171422449595645,
      "ic_ir": 1.0619270716503961,
      "hit_rate_ic": 0,
      "total_return": -0.3041733007912738,
      "sharpe": -9.26739176706845,
      "max_dd": -0.30893640296048647,
      "n_trades": 104,
      "win_rate": 0.4230769230769231,
      "median_return": -0.0040130636675066505,
      "market_return": -0.038262367824773436
    },
    {
      "fold": 9,
      "period": "2024-06->2024-09",
      "train_rows": 726791,
      "test_rows": 38728,
      "mean_ic": 0.043200627855911354,
      "ic_ir": 0.7251381272300116,
      "hit_rate_ic": 0,
      "total_return": 2.9050888529651546,
      "sharpe": 4.8601547130428475,
      "max_dd": -0.17329483067997836,
      "n_trades": 112,
      "win_rate": 0.5,
      "median_return": 0.0013473457289140585,
      "market_return": 0.06211862634984999
    },
    {
      "fold": 10,
      "period": "2024-09->2025-01",
      "train_rows": 765519,
      "test_rows": 36209,
      "mean_ic": 0.04929280025518084,
      "ic_ir": 1.0130188395062383,
      "hit_rate_ic": 0,
      "total_return": 2.3633443462531307,
      "sharpe": 5.293385488586797,
      "max_dd": -0.11577882939809372,
      "n_trades": 104,
      "win_rate": 0.4807692307692308,
      "median_return": -0.006837471677960974,
      "market_return": 0.0
    },
    {
      "fold": 11,
      "period": "2025-01->2025-04",
      "train_rows": 801728,
      "test_rows": 33623,
      "mean_ic": 0.058545621711109955,
      "ic_ir": 1.495381386334962,
      "hit_rate_ic": 0,
      "total_return": 1.1080338189399708,
      "sharpe": 2.912874472571673,
      "max_dd": -0.3075820885679736,
      "n_trades": 104,
      "win_rate": 0.3557692307692308,
      "median_return": -0.0938855028227916,
      "market_return": -0.20202751629254168
    },
    {
      "fold": 12,
      "period": "2025-04->2025-07",
      "train_rows": 835351,
      "test_rows": 31199,
      "mean_ic": 0.026247254835037044,
      "ic_ir": 0.7152200355484543,
      "hit_rate_ic": 0,
      "total_return": 15.16424420859413,
      "sharpe": 8.733042170223536,
      "max_dd": -0.02987041678806987,
      "n_trades": 104,
      "win_rate": 0.7307692307692307,
      "median_return": 0.0880772005772005,
      "market_return": 0.18234643054786925
    },
    {
      "fold": 13,
      "period": "2025-07->2025-10",
      "train_rows": 866550,
      "test_rows": 30503,
      "mean_ic": 0.04030637702116143,
      "ic_ir": 0.9019684396208839,
      "hit_rate_ic": 0,
      "total_return": 3.8575542421402833,
      "sharpe": 8.370925866845496,
      "max_dd": -0.09584324099284594,
      "n_trades": 112,
      "win_rate": 0.6160714285714286,
      "median_return": 0.010788783036509696,
      "market_return": 0.001808318264014508
    },
    {
      "fold": 14,
      "period": "2025-10->2026-01",
      "train_rows": 897053,
      "test_rows": 25818,
      "mean_ic": -0.027705791423038008,
      "ic_ir": -0.5966768485627211,
      "hit_rate_ic": 0,
      "total_return": 0.8234691184484577,
      "sharpe": 3.355124230243505,
      "max_dd": -0.2002326616722313,
      "n_trades": 104,
      "win_rate": 0.5192307692307693,
      "median_return": 0.0030242742084820215,