{
  "config_name": "v3_hp_trunc4",
  "n_features": 33,
  "feat_cols": [
    "max_dd_60d",
    "vol_of_vol_60d",
    "ret_kurtosis_60d",
    "avg_trade_size_20d",
    "obv",
    "obv_vs_sma_60d",
    "amihud_60d",
    "downside_vol_60d",
    "ema_26",
    "spread_proxy_20d",
    "ret_skew_60d",
    "ret_252d",
    "sma_200",
    "sector_ret_60d",
    "realized_vol_120d",
    "macd_hist",
    "pct_from_52w_low",
    "adv_60d",
    "ret_vs_sector_60d",
    "vol_of_vol_ratio",
    "price_roc_smooth_120d",
    "vwap_dev_avg_20d",
    "reversal_20v60",
    "vol_regime_change",
    "beta_60d",
    "macd_signal",
    "dilution_pct",
    "current_ratio",
    "model_error_ticker_5",
    "model_error_sector_20d",
    "model_hit_rate_30d",
    "model_ic_rolling_20d",
    "model_error_vol_20d"
  ],
  "aggregate": {
    "n_features": 33,
    "n_folds": 16,
    "mean_ic": 0.001892191651203704,
    "ic_std": 0.04352038403687239,
    "mean_sharpe": 0.8228883858974406,
    "mean_return": 1.47081837283366,
    "median_return": 0.2579386042593187,
    "mean_alpha": 1.4767282257606493,
    "mean_win_rate": 0.4475,
    "selectivity_median": -0.019725377162091252,
    "folds_positive_ret": "10/16",
    "folds_positive_alpha": "10/16",
    "total_trades": 1600
  },
  "folds": [
    {
      "fold": 1,
      "period": "2022-06->2022-09",
      "train_rows": 362724,
      "test_rows": 53623,
      "mean_ic": 0.011047525723868792,
      "ic_ir": 0.1813104664490678,
      "hit_rate_ic": 0,
      "total_return": 3.82634119896423,
      "sharpe": 4.261459770796914,
      "max_dd": -0.19947400883943886,
      "n_trades": 112,
      "win_rate": 0.375,
      "median_return": -0.08552631578947362,
      "market_return": -0.03821656050955413
    },
    {
      "fold": 2,
      "period": "2022-09->2022-12",
      "train_rows": 416347,
      "test_rows": 50326,
      "mean_ic": -0.0979445255460929,
      "ic_ir": -2.279014365369803,
      "hit_rate_ic": 0,
      "total_return": -0.7850552941257621,
      "sharpe": -11.029727895625394,
      "max_dd": -0.784506444679783,
      "n_trades": 104,
      "win_rate": 0.20192307692307693,
      "median_return": -0.14132893778144073,
      "market_return": -0.019856630824372723
    },
    {
      "fold": 3,
      "period": "2022-12->2023-03",
      "train_rows": 466673,
      "test_rows": 47477,
      "mean_ic": 0.02801261185520125,
      "ic_ir": 0.5818027358822992,
      "hit_rate_ic": 0,
      "total_return": 0.4256239315115824,
      "sharpe": 1.6426209506114857,
      "max_dd": -0.4196302396196401,
      "n_trades": 104,
      "win_rate": 0.4230769230769231,
      "median_return": -0.02572965259864987,
      "market_return": -0.029781771501925625
    },
    {
      "fold": 4,
      "period": "2023-03->2023-06",
      "train_rows": 514150,
      "test_rows": 46348,
      "mean_ic": -0.013412817031998063,
      "ic_ir": -0.3092974001693795,
      "hit_rate_ic": 0,
      "total_return": 0.9412568438080553,
      "sharpe": 4.083949682260449,
      "max_dd": -0.08691003621513041,
      "n_trades": 104,
      "win_rate": 0.47115384615384615,
      "median_return": -0.01361784500416406,
      "market_return": 0.02517348297028077
    },
    {
      "fold": 5,
      "period": "2023-06->2023-09",
      "train_rows": 560498,
      "test_rows": 44159,
      "mean_ic": 0.005616322794669717,
      "ic_ir": 0.059549137833125494,
      "hit_rate_ic": 0,
      "total_return": -0.35052188805296247,
      "sharpe": -3.3534265634187443,
      "max_dd": -0.4491156622946069,
      "n_trades": 104,
      "win_rate": 0.46153846153846156,
      "median_return": -0.013800448810099099,
      "market_return": -0.05430242272347541
    },
    {
      "fold": 6,
      "period": "2023-09->2023-12",
      "train_rows": 604657,
      "test_rows": 43195,
      "mean_ic": 0.01114174002606695,
      "ic_ir": 0.1827891357656496,
      "hit_rate_ic": 0,
      "total_return": 0.8627322557334218,
      "sharpe": 2.883500725273709,
      "max_dd": -0.25070968597813,
      "n_trades": 112,
      "win_rate": 0.45535714285714285,
      "median_return": -0.010714127201563608,
      "market_return": 0.03621328771029386
    },
    {
      "fold": 7,
      "period": "2023-12->2024-03",
      "train_rows": 647852,
      "test_rows": 40262,
      "mean_ic": -0.07489820843608558,
      "ic_ir": -1.2471826369042545,
      "hit_rate_ic": 0,
      "total_return": -0.16144247634544495,
      "sharpe": -1.3245283580940503,
      "max_dd": -0.21002122371250387,
      "n_trades": 104,
      "win_rate": 0.33653846153846156,
      "median_return": -0.06993283442221204,
      "market_return": -0.008633093525179936
    },
    {
      "fold": 8,
      "period": "2024-03->2024-06",
      "train_rows": 688114,
      "test_rows": 38677,
      "mean_ic": 0.058813485045178915,
      "ic_ir": 0.8199027404828816,
      "hit_rate_ic": 0,
      "total_return": -0.2751956376151009,
      "sharpe": -3.75524925828354,
      "max_dd": -0.27554071433748467,
      "n_trades": 104,
      "win_rate": 0.3942307692307692,
      "median_return": -0.022437805250305396,
      "market_return": -0.038262367824773436
    },
    {
      "fold": 9,
      "period": "2024-06->2024-09",
      "train_rows": 726791,
      "test_rows": 38728,
      "mean_ic": 0.07051996602859845,
      "ic_ir": 1.0722823187100112,
      "hit_rate_ic": 0,
      "total_return": 0.34439619411645506,
      "sharpe": 2.569273213243406,
      "max_dd": -0.20302220048618952,
      "n_trades": 112,
      "win_rate": 0.6339285714285714,
      "median_return": 0.02828696862409545,
      "market_return": 0.06211862634984999
    },
    {
      "fold": 10,
      "period": "2024-09->2025-01",
      "train_rows": 765519,
      "test_rows": 36209,
      "mean_ic": -0.0012261552531060594,
      "ic_ir": -0.023194560652825703,
      "hit_rate_ic": 0,
      "total_return": 6.389027262559014,
      "sharpe": 6.771676342845678,
      "max_dd": -0.02327584186272723,
      "n_trades": 104,
      "win_rate": 0.5865384615384616,
      "median_return": 0.07513395794817154,
      "market_return": 0.0
    },
    {
      "fold": 11,
      "period": "2025-01->2025-04",
      "train_rows": 801728,
      "test_rows": 33623,
      "mean_ic": -0.0043346532030419955,
      "ic_ir": -0.08592646221241768,
      "hit_rate_ic": 0,
      "total_return": -0.5633541802731294,
      "sharpe": -5.709460061517483,
      "max_dd": -0.5960457296175344,
      "n_trades": 104,
      "win_rate": 0.28846153846153844,
      "median_return": -0.10833983787136597,
      "market_return": -0.20202751629254168
    },
    {
      "fold": 12,
      "period": "2025-04->2025-07",
      "train_rows": 835351,
      "test_rows": 31199,
      "mean_ic": 0.027039036945798924,
      "ic_ir": 0.4417584652431846,
      "hit_rate_ic": 0,
      "total_return": 6.626711354977251,
      "sharpe": 8.510178153804189,
      "max_dd": -0.010130544770834185,
      "n_trades": 104,
      "win_rate": 0.6346153846153846,
      "median_return": 0.0714330708661418,
      "market_return": 0.18234643054786925
    },
    {
      "fold": 13,
      "period": "2025-07->2025-10",
      "train_rows": 866550,
      "test_rows": 30503,
      "mean_ic": 0.046924342448137105,
      "ic_ir": 0.6771986916509182,
      "hit_rate_ic": 0,
      "total_return": 6.29309800251909,
      "sharpe": 7.935094703379017,
      "max_dd": -0.11671984252479979,
      "n_trades": 112,
      "win_rate": 0.5982142857142857,
      "median_return": 0.031167012698566008,
      "market_return": 0.001808318264014508
    },
    {
      "fold": 14,
      "period": "2025-10->2026-01",
      "train_rows": 897053,
      "test_rows": 25818,
      "mean_ic": -0.0438311961189708,
      "ic_ir": -0.982464299313959,
      "hit_rate_ic": 0,
      "total_return": 0.17148101440218233,
      "sharpe": 1.1715036014684599,
      "max_dd": -0.3042384309007157,
      "n_trades": 104,
      "win_rate": 0.3942307692307692,
      "median_return": -0.04740451955605676,