{
  "config_name": "v3_hp_leaves63",
  "n_features": 33,
  "feat_cols": [
    "max_dd_60d",
    "vol_of_vol_60d",
    "ret_kurtosis_60d",
    "avg_trade_size_20d",
    "obv",
    "obv_vs_sma_60d",
    "amihud_60d",
    "downside_vol_60d",
    "ema_26",
    "spread_proxy_20d",
    "ret_skew_60d",
    "ret_252d",
    "sma_200",
    "sector_ret_60d",
    "realized_vol_120d",
    "macd_hist",
    "pct_from_52w_low",
    "adv_60d",
    "ret_vs_sector_60d",
    "vol_of_vol_ratio",
    "price_roc_smooth_120d",
    "vwap_dev_avg_20d",
    "reversal_20v60",
    "vol_regime_change",
    "beta_60d",
    "macd_signal",
    "dilution_pct",
    "current_ratio",
    "model_error_ticker_5",
    "model_error_sector_20d",
    "model_hit_rate_30d",
    "model_ic_rolling_20d",
    "model_error_vol_20d"
  ],
  "aggregate": {
    "n_features": 33,
    "n_folds": 16,
    "mean_ic": 0.012820359367013014,
    "ic_std": 0.043715222546217104,
    "mean_sharpe": 2.7998141826452603,
    "mean_return": 1.4881904647362,
    "median_return": 0.43136245470551327,
    "mean_alpha": 1.49410031766319,
    "mean_win_rate": 0.470625,
    "selectivity_median": -0.004505000639400561,
    "folds_positive_ret": "13/16",
    "folds_positive_alpha": "13/16",
    "total_trades": 1600
  },
  "folds": [
    {
      "fold": 1,
      "period": "2022-06->2022-09",
      "train_rows": 362724,
      "test_rows": 53623,
      "mean_ic": 0.03865711807257452,
      "ic_ir": 0.7258218106485077,
      "hit_rate_ic": 0,
      "total_return": 0.4097431676943937,
      "sharpe": 1.5873883616660613,
      "max_dd": -0.328929383344382,
      "n_trades": 112,
      "win_rate": 0.4375,
      "median_return": -0.025358968118763696,
      "market_return": -0.03821656050955413
    },
    {
      "fold": 2,
      "period": "2022-09->2022-12",
      "train_rows": 416347,
      "test_rows": 50326,
      "mean_ic": -0.08519436657941469,
      "ic_ir": -2.1084467517643684,
      "hit_rate_ic": 0,
      "total_return": -0.4962529427744823,
      "sharpe": -4.9167776086069335,
      "max_dd": -0.5023319684924866,
      "n_trades": 104,
      "win_rate": 0.3557692307692308,
      "median_return": -0.0747224086412146,
      "market_return": -0.019856630824372723
    },
    {
      "fold": 3,
      "period": "2022-12->2023-03",
      "train_rows": 466673,
      "test_rows": 47477,
      "mean_ic": 0.050078681002049895,
      "ic_ir": 0.779461508606275,
      "hit_rate_ic": 0,
      "total_return": 1.6815241567971633,
      "sharpe": 3.1642593705614845,
      "max_dd": -0.3900924561305813,
      "n_trades": 104,
      "win_rate": 0.4807692307692308,
      "median_return": -0.0028247117270782177,
      "market_return": -0.029781771501925625
    },
    {
      "fold": 4,
      "period": "2023-03->2023-06",
      "train_rows": 514150,
      "test_rows": 46348,
      "mean_ic": 0.0032591343966181614,
      "ic_ir": 0.04820694430611251,
      "hit_rate_ic": 0,
      "total_return": 0.452008027640318,
      "sharpe": 2.7114852361310793,
      "max_dd": -0.2741840385887232,
      "n_trades": 104,
      "win_rate": 0.40384615384615385,
      "median_return": -0.04735851336506772,
      "market_return": 0.02517348297028077
    },
    {
      "fold": 5,
      "period": "2023-06->2023-09",
      "train_rows": 560498,
      "test_rows": 44159,
      "mean_ic": -0.05727125362260659,
      "ic_ir": -1.0284060591062825,
      "hit_rate_ic": 0,
      "total_return": 0.021391192613167354,
      "sharpe": 0.6335226303226497,
      "max_dd": -0.5903292541469488,
      "n_trades": 104,
      "win_rate": 0.2980769230769231,
      "median_return": -0.06885656041512236,
      "market_return": -0.05430242272347541
    },
    {
      "fold": 6,
      "period": "2023-09->2023-12",
      "train_rows": 604657,
      "test_rows": 43195,
      "mean_ic": 0.012423775235373212,
      "ic_ir": 0.2214233629571705,
      "hit_rate_ic": 0,
      "total_return": 0.6840840033337581,
      "sharpe": 2.403695020082705,
      "max_dd": -0.0745951583578878,
      "n_trades": 112,
      "win_rate": 0.48214285714285715,
      "median_return": -0.008770180807900936,
      "market_return": 0.03621328771029386
    },
    {
      "fold": 7,
      "period": "2023-12->2024-03",
      "train_rows": 647852,
      "test_rows": 40262,
      "mean_ic": -0.007377374168238551,
      "ic_ir": -0.2212395977385564,
      "hit_rate_ic": 0,
      "total_return": -0.10987896556463594,
      "sharpe": -0.2944349790792226,
      "max_dd": -0.4299216671697206,
      "n_trades": 104,
      "win_rate": 0.41346153846153844,
      "median_return": -0.04350511484269443,
      "market_return": -0.008633093525179936
    },
    {
      "fold": 8,
      "period": "2024-03->2024-06",
      "train_rows": 688114,
      "test_rows": 38677,
      "mean_ic": 0.02627570155449427,
      "ic_ir": 0.6836945981661496,
      "hit_rate_ic": 0,
      "total_return": 0.26310685525596944,
      "sharpe": 1.719279764644952,
      "max_dd": -0.24523570859530777,
      "n_trades": 104,
      "win_rate": 0.4326923076923077,
      "median_return": -0.019726100966702496,
      "market_return": -0.038262367824773436
    },
    {
      "fold": 9,
      "period": "2024-06->2024-09",
      "train_rows": 726791,
      "test_rows": 38728,
      "mean_ic": 0.025074430386035358,
      "ic_ir": 0.49406213238213575,
      "hit_rate_ic": 0,
      "total_return": -0.10829160856563969,
      "sharpe": -0.28297889222675604,
      "max_dd": -0.40940865507265334,
      "n_trades": 112,
      "win_rate": 0.4107142857142857,
      "median_return": -0.03682692593583685,
      "market_return": 0.06211862634984999
    },
    {
      "fold": 10,
      "period": "2024-09->2025-01",
      "train_rows": 765519,
      "test_rows": 36209,
      "mean_ic": 0.03531658197385001,
      "ic_ir": 0.6544787941499469,
      "hit_rate_ic": 0,
      "total_return": 1.4954681399185659,
      "sharpe": 4.49764448406601,
      "max_dd": -0.11670271536842292,
      "n_trades": 104,
      "win_rate": 0.49038461538461536,
      "median_return": -0.01042540694747439,
      "market_return": 0.0
    },
    {
      "fold": 11,
      "period": "2025-01->2025-04",
      "train_rows": 801728,
      "test_rows": 33623,
      "mean_ic": 0.053823929546351665,
      "ic_ir": 1.012622552834893,
      "hit_rate_ic": 0,
      "total_return": 0.8091929488895857,
      "sharpe": 2.3616979751091858,
      "max_dd": -0.43976312997394207,
      "n_trades": 104,
      "win_rate": 0.3942307692307692,
      "median_return": -0.09887517236139941,
      "market_return": -0.20202751629254168
    },
    {
      "fold": 12,
      "period": "2025-04->2025-07",
      "train_rows": 835351,
      "test_rows": 31199,
      "mean_ic": 0.07914138573042061,
      "ic_ir": 1.544149058607423,
      "hit_rate_ic": 0,
      "total_return": 7.920568823656051,
      "sharpe": 8.9530011426042,
      "max_dd": -0.03747815047173768,
      "n_trades": 104,
      "win_rate": 0.7307692307692307,
      "median_return": 0.09614512471655323,
      "market_return": 0.18234643054786925
    },
    {
      "fold": 13,
      "period": "2025-07->2025-10",
      "train_rows": 866550,
      "test_rows": 30503,
      "mean_ic": 0.03841485436566538,
      "ic_ir": 0.5203746405278348,
      "hit_rate_ic": 0,
      "total_return": 4.340647037372085,
      "sharpe": 10.983525773312449,
      "max_dd": -0.06158118463616142,
      "n_trades": 112,
      "win_rate": 0.6607142857142857,
      "median_return": 0.07058660763696734,
      "market_return": 0.001808318264014508
    },
    {
      "fold": 14,
      "period": "2025-10->2026-01",
      "train_rows": 897053,
      "test_rows": 25818,
      "mean_ic": -0.05766582650012945,
      "ic_ir": -0.737041978407456,
      "hit_rate_ic": 0,
      "total_return": 0.41071688177070853,
      "sharpe": 2.1161345956169626,
      "max_dd": -0.2046219603973752,
      "n_trades": 104,
      "win_rate": 0.4519230769230769,
      "median_return": -0.023772791023842887,