{
  "config_name": "v3_lean2",
  "n_features": 24,
  "feat_cols": [
    "max_dd_60d",
    "vol_of_vol_60d",
    "ret_kurtosis_60d",
    "avg_trade_size_20d",
    "obv",
    "obv_vs_sma_60d",
    "amihud_60d",
    "downside_vol_60d",
    "ema_26",
    "spread_proxy_20d",
    "ret_skew_60d",
    "ret_252d",
    "sma_200",
    "sector_ret_60d",
    "realized_vol_120d",
    "pct_from_52w_low",
    "adv_60d",
    "ret_vs_sector_60d",
    "vol_of_vol_ratio",
    "price_roc_smooth_120d",
    "beta_60d",
    "macd_signal",
    "dilution_pct",
    "current_ratio"
  ],
  "aggregate": {
    "n_features": 24,
    "n_folds": 16,
    "mean_ic": 0.022483964867276336,
    "ic_std": 0.04312047838711401,
    "mean_sharpe": 2.149056091534531,
    "mean_return": 0.9251104407567062,
    "median_return": 0.31128355095468163,
    "mean_alpha": 0.9310202936836958,
    "mean_win_rate": 0.470625,
    "selectivity_median": -0.014466786718094489,
    "folds_positive_ret": "15/16",
    "folds_positive_alpha": "15/16",
    "total_trades": 1600
  },
  "folds": [
    {
      "fold": 1,
      "period": "2022-06->2022-09",
      "train_rows": 362724,
      "test_rows": 53623,
      "mean_ic": -0.003056329803309149,
      "ic_ir": -0.0457585049444821,
      "hit_rate_ic": 0.015151515151515152,
      "total_return": 2.524852416186572,
      "sharpe": 4.281136444715304,
      "max_dd": -0.24756488907194787,
      "n_trades": 112,
      "win_rate": 0.45535714285714285,
      "median_return": -0.023218041975756287,
      "market_return": -0.03821656050955413
    },
    {
      "fold": 2,
      "period": "2022-09->2022-12",
      "train_rows": 416347,
      "test_rows": 50326,
      "mean_ic": -0.09785562691999367,
      "ic_ir": -2.2166117462940744,
      "hit_rate_ic": NaN,
      "total_return": 0.027562526457724834,
      "sharpe": 0.4472681288582523,
      "max_dd": -0.1847899365183586,
      "n_trades": 104,
      "win_rate": 0.3557692307692308,
      "median_return": -0.06269654088050314,
      "market_return": -0.019856630824372723
    },
    {
      "fold": 3,
      "period": "2022-12->2023-03",
      "train_rows": 466673,
      "test_rows": 47477,
      "mean_ic": 0.0641152076582397,
      "ic_ir": 1.7508564952441252,
      "hit_rate_ic": 0.015625,
      "total_return": 0.7338821086169929,
      "sharpe": 2.3756879172038023,
      "max_dd": -0.40905687609646973,
      "n_trades": 104,
      "win_rate": 0.4230769230769231,
      "median_return": -0.026499182218068382,
      "market_return": -0.029781771501925625
    },
    {
      "fold": 4,
      "period": "2023-03->2023-06",
      "train_rows": 514150,
      "test_rows": 46348,
      "mean_ic": 0.008239863147693937,
      "ic_ir": 0.19626978464392422,
      "hit_rate_ic": 0.015384615384615385,
      "total_return": 0.21594990118398139,
      "sharpe": 1.9279247636265064,
      "max_dd": -0.2136217535090883,
      "n_trades": 104,
      "win_rate": 0.4519230769230769,
      "median_return": -0.009432140662941322,
      "market_return": 0.02517348297028077
    },
    {
      "fold": 5,
      "period": "2023-06->2023-09",
      "train_rows": 560498,
      "test_rows": 44159,
      "mean_ic": 0.0432456968616417,
      "ic_ir": 0.8305988778226697,
      "hit_rate_ic": 0.015384615384615385,
      "total_return": 0.06701889509052683,
      "sharpe": 0.8567809035911179,
      "max_dd": -0.1603293914438049,
      "n_trades": 104,
      "win_rate": 0.4423076923076923,
      "median_return": -0.009969062275852631,
      "market_return": -0.05430242272347541
    },
    {
      "fold": 6,
      "period": "2023-09->2023-12",
      "train_rows": 604657,
      "test_rows": 43195,
      "mean_ic": 0.008346893193326668,
      "ic_ir": 0.11199790478206803,
      "hit_rate_ic": 0.015151515151515152,
      "total_return": 0.06838392565242346,
      "sharpe": 0.6368338422993698,
      "max_dd": -0.4110539444846017,
      "n_trades": 112,
      "win_rate": 0.41964285714285715,
      "median_return": -0.042646638263407234,
      "market_return": 0.03621328771029386
    },
    {
      "fold": 7,
      "period": "2023-12->2024-03",
      "train_rows": 647852,
      "test_rows": 40262,
      "mean_ic": 0.06121793640121031,
      "ic_ir": 1.2617197398676832,
      "hit_rate_ic": 0.015625,
      "total_return": 0.32820426916809775,
      "sharpe": 1.5927842305984383,
      "max_dd": -0.14493560169968894,
      "n_trades": 104,
      "win_rate": 0.5096153846153846,
      "median_return": 0.0016299046790796998,
      "market_return": -0.008633093525179936
    },
    {
      "fold": 8,
      "period": "2024-03->2024-06",
      "train_rows": 688114,
      "test_rows": 38677,
      "mean_ic": 0.07811144042422227,
      "ic_ir": 0.8843379190048982,
      "hit_rate_ic": 0.015625,
      "total_return": 0.2943628327412655,
      "sharpe": 2.2841246230891152,
      "max_dd": -0.1225793398942597,
      "n_trades": 104,
      "win_rate": 0.49038461538461536,
      "median_return": 0.0,
      "market_return": -0.038262367824773436
    },
    {
      "fold": 9,
      "period": "2024-06->2024-09",
      "train_rows": 726791,
      "test_rows": 38728,
      "mean_ic": 0.06631637951563757,
      "ic_ir": 0.9011042744400598,
      "hit_rate_ic": 0.015151515151515152,
      "total_return": 1.8131046702852318,
      "sharpe": 4.1854329368811545,
      "max_dd": -0.149383642807159,
      "n_trades": 112,
      "win_rate": 0.5892857142857143,
      "median_return": 0.007188078792677842,
      "market_return": 0.06211862634984999
    },
    {
      "fold": 10,
      "period": "2024-09->2025-01",
      "train_rows": 765519,
      "test_rows": 36209,
      "mean_ic": 0.058424890098189707,
      "ic_ir": 2.064331899012659,
      "hit_rate_ic": 0.015384615384615385,
      "total_return": 0.3993436182858765,
      "sharpe": 1.8155262458996926,
      "max_dd": -0.21104048234500808,
      "n_trades": 104,
      "win_rate": 0.4423076923076923,
      "median_return": -0.034945227820514645,
      "market_return": 0.0
    },
    {
      "fold": 11,
      "period": "2025-01->2025-04",
      "train_rows": 801728,
      "test_rows": 33623,
      "mean_ic": -0.012228572375439405,
      "ic_ir": -0.23548359883102096,
      "hit_rate_ic": 0.015625,
      "total_return": -0.518986779407289,
      "sharpe": -4.5957943196161635,
      "max_dd": -0.5589126083737659,
      "n_trades": 104,
      "win_rate": 0.25961538461538464,
      "median_return": -0.10516076182674583,
      "market_return": -0.20202751629254168
    },
    {
      "fold": 12,
      "period": "2025-04->2025-07",
      "train_rows": 835351,
      "test_rows": 31199,
      "mean_ic": 0.03108492900628718,
      "ic_ir": 0.7874839315372125,
      "hit_rate_ic": 0.015873015873015872,
      "total_return": 6.211943412830975,
      "sharpe": 6.108091720153709,
      "max_dd": -0.07738622547970904,
      "n_trades": 104,
      "win_rate": 0.625,
      "median_return": 0.047061164749383724,
      "market_return": 0.18234643054786925
    },
    {
      "fold": 13,
      "period": "2025-07->2025-10",
      "train_rows": 866550,
      "test_rows": 30503,
      "mean_ic": 0.0572590547540317,
      "ic_ir": 1.4219765147623378,
      "hit_rate_ic": 0.014925373134328358,
      "total_return": 1.9578568780258703,
      "sharpe": 8.397862402619703,
      "max_dd": -0.08490405671289261,
      "n_trades": 112,
      "win_rate": 0.5892857142857143,
      "median_return": 0.005049825700331977,
      "market_return": 0.001808318264014508
    },
    {
      "fold": 14,
      "period": "2025-10->2026-01",
      "train_rows": 897053,
      "test_rows": 25818,
      "mean_ic": -0.007808544430058958,
      "ic_ir": -0.1297009760025883,
      "hit_rate_ic": 0.015625,
      "total_return": 0.05057527727950828,
      "sharpe": 0.6632644383212191,
      "max_dd": -0.20505241776407857,
      "n_trades": 104,
      "win_rate": 0.5384615384615384,
      "median_return": 0.0045511587246524435,
      "market_return": 0.020491803278688492
    },
    {
      "fold": 15,