{
  "config_name": "v3_lambdarank",
  "n_features": 33,
  "feat_cols": [
    "max_dd_60d",
    "vol_of_vol_60d",
    "ret_kurtosis_60d",
    "avg_trade_size_20d",
    "obv",
    "obv_vs_sma_60d",
    "amihud_60d",
    "downside_vol_60d",
    "ema_26",
    "spread_proxy_20d",
    "ret_skew_60d",
    "ret_252d",
    "sma_200",
    "sector_ret_60d",
    "realized_vol_120d",
    "macd_hist",
    "pct_from_52w_low",
    "adv_60d",
    "ret_vs_sector_60d",
    "vol_of_vol_ratio",
    "price_roc_smooth_120d",
    "vwap_dev_avg_20d",
    "reversal_20v60",
    "vol_regime_change",
    "beta_60d",
    "macd_signal",
    "dilution_pct",
    "current_ratio",
    "model_error_ticker_5",
    "model_error_sector_20d",
    "model_hit_rate_30d",
    "model_ic_rolling_20d",
    "model_error_vol_20d"
  ],
  "aggregate": {
    "n_features": 33,
    "n_folds": 16,
    "mean_ic": 0.024347649268963496,
    "ic_std": 0.03480660352817969,
    "mean_sharpe": 3.5260553949863525,
    "mean_return": 2.4304720546604512,
    "median_return": 1.0008595179629665,
    "mean_alpha": 2.436381907587441,
    "mean_win_rate": 0.4975,
    "selectivity_median": -0.005502019862909222,
    "folds_positive_ret": "14/16",
    "folds_positive_alpha": "14/16",
    "total_trades": 1600
  },
  "folds": [
    {
      "fold": 1,
      "period": "2022-06->2022-09",
      "train_rows": 362724,
      "test_rows": 53623,
      "mean_ic": 0.014154136503549858,
      "ic_ir": 0.15228271050620998,
      "hit_rate_ic": 0.015151515151515152,
      "total_return": 3.931606506228378,
      "sharpe": 4.686522760667567,
      "max_dd": -0.23945524776565263,
      "n_trades": 112,
      "win_rate": 0.4732142857142857,
      "median_return": -0.004640450313583507,
      "market_return": -0.03821656050955413
    },
    {
      "fold": 2,
      "period": "2022-09->2022-12",
      "train_rows": 416347,
      "test_rows": 50326,
      "mean_ic": -0.05153307741787095,
      "ic_ir": -1.052496732116148,
      "hit_rate_ic": 0.015384615384615385,
      "total_return": -0.1573847375150137,
      "sharpe": -1.2659456360133088,
      "max_dd": -0.25841443446581835,
      "n_trades": 104,
      "win_rate": 0.41346153846153844,
      "median_return": -0.06653404067197169,
      "market_return": -0.019856630824372723
    },
    {
      "fold": 3,
      "period": "2022-12->2023-03",
      "train_rows": 466673,
      "test_rows": 47477,
      "mean_ic": 0.050267842040082236,
      "ic_ir": 1.0377267403166264,
      "hit_rate_ic": 0.015625,
      "total_return": 0.7307862095787374,
      "sharpe": 2.9410349284947763,
      "max_dd": -0.21788491238161595,
      "n_trades": 104,
      "win_rate": 0.5769230769230769,
      "median_return": 0.004159171106344782,
      "market_return": -0.029781771501925625
    },
    {
      "fold": 4,
      "period": "2023-03->2023-06",
      "train_rows": 514150,
      "test_rows": 46348,
      "mean_ic": -0.0036907649395254557,
      "ic_ir": -0.10761575245134858,
      "hit_rate_ic": 0.015384615384615385,
      "total_return": 0.8863187238903654,
      "sharpe": 3.514876000173647,
      "max_dd": -0.3170825209206552,
      "n_trades": 104,
      "win_rate": 0.4519230769230769,
      "median_return": -0.014547074858460771,
      "market_return": 0.02517348297028077
    },
    {
      "fold": 5,
      "period": "2023-06->2023-09",
      "train_rows": 560498,
      "test_rows": 44159,
      "mean_ic": -0.019934262833500263,
      "ic_ir": -0.4251733030006119,
      "hit_rate_ic": 0.015384615384615385,
      "total_return": -0.2799906318303409,
      "sharpe": -2.414081723638564,
      "max_dd": -0.35746567313148625,
      "n_trades": 104,
      "win_rate": 0.4423076923076923,
      "median_return": -0.021001555084133754,
      "market_return": -0.05430242272347541
    },
    {
      "fold": 6,
      "period": "2023-09->2023-12",
      "train_rows": 604657,
      "test_rows": 43195,
      "mean_ic": 0.01613615917471899,
      "ic_ir": 0.2511487214409995,
      "hit_rate_ic": 0.015151515151515152,
      "total_return": 0.36809220140935817,
      "sharpe": 1.7383157182694045,
      "max_dd": -0.23561156499279193,
      "n_trades": 112,
      "win_rate": 0.44642857142857145,
      "median_return": -0.015045906700869397,
      "market_return": 0.03621328771029386
    },
    {
      "fold": 7,
      "period": "2023-12->2024-03",
      "train_rows": 647852,
      "test_rows": 40262,
      "mean_ic": 0.06313118209262444,
      "ic_ir": 1.1158000165384947,
      "hit_rate_ic": 0.015625,
      "total_return": 3.2330235083529164,
      "sharpe": 4.112974942221439,
      "max_dd": -0.04971092765604718,
      "n_trades": 104,
      "win_rate": 0.5865384615384616,
      "median_return": 0.005809920513081194,
      "market_return": -0.008633093525179936
    },
    {
      "fold": 8,
      "period": "2024-03->2024-06",
      "train_rows": 688114,
      "test_rows": 38677,
      "mean_ic": 0.0652205450110545,
      "ic_ir": 1.5261171352977045,
      "hit_rate_ic": 0.015625,
      "total_return": 1.1154003120355678,
      "sharpe": 4.888562365272107,
      "max_dd": -0.07352328000429297,
      "n_trades": 104,
      "win_rate": 0.5673076923076923,
      "median_return": 0.005381996801022016,
      "market_return": -0.038262367824773436
    },
    {
      "fold": 9,
      "period": "2024-06->2024-09",
      "train_rows": 726791,
      "test_rows": 38728,
      "mean_ic": 0.08003735165638629,
      "ic_ir": 1.9888969393273652,
      "hit_rate_ic": 0.015151515151515152,
      "total_return": 0.26349467768607204,
      "sharpe": 1.594359783118338,
      "max_dd": -0.17634168836893252,
      "n_trades": 112,
      "win_rate": 0.4642857142857143,
      "median_return": -0.0077989815593019225,
      "market_return": 0.06211862634984999
    },
    {
      "fold": 10,
      "period": "2024-09->2025-01",
      "train_rows": 765519,
      "test_rows": 36209,
      "mean_ic": 0.03430722383839793,
      "ic_ir": 1.161480921301887,
      "hit_rate_ic": 0.015384615384615385,
      "total_return": 3.4288690686884538,
      "sharpe": 5.766101877359993,
      "max_dd": -0.060450268534512935,
      "n_trades": 104,
      "win_rate": 0.47115384615384615,
      "median_return": -0.015581364236860119,
      "market_return": 0.0
    },
    {
      "fold": 11,
      "period": "2025-01->2025-04",
      "train_rows": 801728,
      "test_rows": 33623,
      "mean_ic": 0.06284394271410651,
      "ic_ir": 1.3091520842883313,
      "hit_rate_ic": 0.015625,
      "total_return": 1.5097274934027305,
      "sharpe": 4.422340839928459,
      "max_dd": -0.06141083163491282,
      "n_trades": 104,
      "win_rate": 0.375,
      "median_return": -0.09233150126879008,
      "market_return": -0.20202751629254168
    },
    {
      "fold": 12,
      "period": "2025-04->2025-07",
      "train_rows": 835351,
      "test_rows": 31199,
      "mean_ic": 0.014661364259492233,
      "ic_ir": 0.3652833426039885,
      "hit_rate_ic": 0.015873015873015872,
      "total_return": 15.438932891179224,
      "sharpe": 9.955205576715366,
      "max_dd": -0.007456407640336476,
      "n_trades": 104,
      "win_rate": 0.6923076923076923,
      "median_return": 0.08425066996495571,
      "market_return": 0.18234643054786925
    },
    {
      "fold": 13,
      "period": "2025-07->2025-10",
      "train_rows": 866550,
      "test_rows": 30503,
      "mean_ic": 0.01451020376965167,
      "ic_ir": 0.3603282739980306,
      "hit_rate_ic": 0.014925373134328358,
      "total_return": 4.276000741583675,
      "sharpe": 8.969802428020698,
      "max_dd": -0.0621476153396716,
      "n_trades": 112,
      "win_rate": 0.5803571428571429,
      "median_return": 0.02236381809095451,
      "market_return": 0.001808318264014508
    },
    {
      "fold": 14,
      "period": "2025-10->2026-01",
      "train_rows": 897053,
      "test_rows": 25818,
      "mean_ic": 0.004813004995240266,
      "ic_ir": 0.1109784945075232,
      "hit_rate_ic": 0.015625,