{
  "config_name": "v3_lean1",
  "n_features": 26,
  "feat_cols": [
    "max_dd_60d",
    "vol_of_vol_60d",
    "ret_kurtosis_60d",
    "avg_trade_size_20d",
    "obv",
    "obv_vs_sma_60d",
    "amihud_60d",
    "downside_vol_60d",
    "ema_26",
    "spread_proxy_20d",
    "ret_skew_60d",
    "ret_252d",
    "sma_200",
    "sector_ret_60d",
    "realized_vol_120d",
    "pct_from_52w_low",
    "adv_60d",
    "ret_vs_sector_60d",
    "vol_of_vol_ratio",
    "price_roc_smooth_120d",
    "beta_60d",
    "macd_signal",
    "dilution_pct",
    "current_ratio",
    "model_error_ticker_5",
    "model_error_sector_20d"
  ],
  "aggregate": {
    "n_features": 26,
    "n_folds": 16,
    "mean_ic": 0.035757244720223624,
    "ic_std": 0.026988965508443118,
    "mean_sharpe": 2.6331735929806968,
    "mean_return": 1.7634425227317596,
    "median_return": 0.8537870452799202,
    "mean_alpha": 1.7693523756587495,
    "mean_win_rate": 0.46375,
    "selectivity_median": -0.009186019392395732,
    "folds_positive_ret": "13/16",
    "folds_positive_alpha": "13/16",
    "total_trades": 1600
  },
  "folds": [
    {
      "fold": 1,
      "period": "2022-06->2022-09",
      "train_rows": 362724,
      "test_rows": 53623,
      "mean_ic": -0.003056329803309149,
      "ic_ir": -0.0457585049444821,
      "hit_rate_ic": 0.015151515151515152,
      "total_return": 2.524852416186572,
      "sharpe": 4.281136444715304,
      "max_dd": -0.24756488907194787,
      "n_trades": 112,
      "win_rate": 0.45535714285714285,
      "median_return": -0.023218041975756287,
      "market_return": -0.03821656050955413
    },
    {
      "fold": 2,
      "period": "2022-09->2022-12",
      "train_rows": 416347,
      "test_rows": 50326,
      "mean_ic": 0.031090057947351337,
      "ic_ir": 0.7117766252693881,
      "hit_rate_ic": 0.015384615384615385,
      "total_return": -0.390156798256761,
      "sharpe": -5.235010393189241,
      "max_dd": -0.3691282282777823,
      "n_trades": 104,
      "win_rate": 0.375,
      "median_return": -0.050985439993252446,
      "market_return": -0.019856630824372723
    },
    {
      "fold": 3,
      "period": "2022-12->2023-03",
      "train_rows": 466673,
      "test_rows": 47477,
      "mean_ic": 0.036862377667491786,
      "ic_ir": 0.3824520330144705,
      "hit_rate_ic": 0.015625,
      "total_return": 0.4389222658500975,
      "sharpe": 1.6066468290785274,
      "max_dd": -0.5891741610640836,
      "n_trades": 104,
      "win_rate": 0.41346153846153844,
      "median_return": -0.05954283805049286,
      "market_return": -0.029781771501925625
    },
    {
      "fold": 4,
      "period": "2023-03->2023-06",
      "train_rows": 514150,
      "test_rows": 46348,
      "mean_ic": 0.02471722377186018,
      "ic_ir": 0.5846193736505354,
      "hit_rate_ic": 0.015384615384615385,
      "total_return": 0.5719137261567995,
      "sharpe": 2.743266027271795,
      "max_dd": -0.2346563680246049,
      "n_trades": 104,
      "win_rate": 0.4423076923076923,
      "median_return": -0.017459520522153917,
      "market_return": 0.02517348297028077
    },
    {
      "fold": 5,
      "period": "2023-06->2023-09",
      "train_rows": 560498,
      "test_rows": 44159,
      "mean_ic": 0.012136022024143961,
      "ic_ir": 0.18618801310087324,
      "hit_rate_ic": 0.015384615384615385,
      "total_return": -0.3232305187121396,
      "sharpe": -2.1091746029664016,
      "max_dd": -0.514617138497691,
      "n_trades": 104,
      "win_rate": 0.3173076923076923,
      "median_return": -0.0659125368670295,
      "market_return": -0.05430242272347541
    },
    {
      "fold": 6,
      "period": "2023-09->2023-12",
      "train_rows": 604657,
      "test_rows": 43195,
      "mean_ic": 0.015609382334927587,
      "ic_ir": 0.256742291130208,
      "hit_rate_ic": 0.015151515151515152,
      "total_return": 0.3736283316450584,
      "sharpe": 1.815612278738733,
      "max_dd": -0.26503781436755675,
      "n_trades": 112,
      "win_rate": 0.4375,
      "median_return": -0.020967447383918605,
      "market_return": 0.03621328771029386
    },
    {
      "fold": 7,
      "period": "2023-12->2024-03",
      "train_rows": 647852,
      "test_rows": 40262,
      "mean_ic": 0.05866477296014487,
      "ic_ir": 0.994720711131202,
      "hit_rate_ic": 0.015625,
      "total_return": 2.2531920321098453,
      "sharpe": 4.970903654038312,
      "max_dd": -0.055912499316043966,
      "n_trades": 104,
      "win_rate": 0.41346153846153844,
      "median_return": -0.027788101549476654,
      "market_return": -0.008633093525179936
    },
    {
      "fold": 8,
      "period": "2024-03->2024-06",
      "train_rows": 688114,
      "test_rows": 38677,
      "mean_ic": 0.05427688765642909,
      "ic_ir": 0.58931861278577,
      "hit_rate_ic": 0.015625,
      "total_return": -0.2645905684234393,
      "sharpe": -3.1424702441957915,
      "max_dd": -0.297518838772601,
      "n_trades": 104,
      "win_rate": 0.4807692307692308,
      "median_return": -0.008481637036968026,
      "market_return": -0.038262367824773436
    },
    {
      "fold": 9,
      "period": "2024-06->2024-09",
      "train_rows": 726791,
      "test_rows": 38728,
      "mean_ic": 0.0594813777731264,
      "ic_ir": 1.232117711882076,
      "hit_rate_ic": 0.015151515151515152,
      "total_return": 2.5676669170494857,
      "sharpe": 5.14576730432184,
      "max_dd": -0.06556113000322471,
      "n_trades": 112,
      "win_rate": 0.5446428571428571,
      "median_return": 0.014034068912117706,
      "market_return": 0.06211862634984999
    },
    {
      "fold": 10,
      "period": "2024-09->2025-01",
      "train_rows": 765519,
      "test_rows": 36209,
      "mean_ic": 0.0571374960937167,
      "ic_ir": 1.5720673525915865,
      "hit_rate_ic": 0.015384615384615385,
      "total_return": 2.652023783474472,
      "sharpe": 4.971146874532311,
      "max_dd": -0.13812300614422654,
      "n_trades": 104,
      "win_rate": 0.5096153846153846,
      "median_return": 0.007185374149659917,
      "market_return": 0.0
    },
    {
      "fold": 11,
      "period": "2025-01->2025-04",
      "train_rows": 801728,
      "test_rows": 33623,
      "mean_ic": 0.010596959836936932,
      "ic_ir": 0.16407103453730779,
      "hit_rate_ic": 0.015625,
      "total_return": 0.7378137382772285,
      "sharpe": 2.252626786636119,
      "max_dd": -0.4113293706508069,
      "n_trades": 104,
      "win_rate": 0.3269230769230769,
      "median_return": -0.09882144434716075,
      "market_return": -0.20202751629254168
    },
    {
      "fold": 12,
      "period": "2025-04->2025-07",
      "train_rows": 835351,
      "test_rows": 31199,
      "mean_ic": 0.044533923385471665,
      "ic_ir": 1.097054883573511,
      "hit_rate_ic": 0.015873015873015872,
      "total_return": 8.924947227865188,
      "sharpe": 7.58470297321405,
      "max_dd": -0.03358016295859038,
      "n_trades": 104,
      "win_rate": 0.6442307692307693,
      "median_return": 0.1008133805670518,
      "market_return": 0.18234643054786925
    },
    {
      "fold": 13,
      "period": "2025-07->2025-10",
      "train_rows": 866550,
      "test_rows": 30503,
      "mean_ic": 0.03528827247034658,
      "ic_ir": 0.4697673123107544,
      "hit_rate_ic": 0.014925373134328358,
      "total_return": 2.0615023608981073,
      "sharpe": 7.790965049659019,
      "max_dd": -0.06503219705580388,
      "n_trades": 112,
      "win_rate": 0.5178571428571429,
      "median_return": 0.017042404723564077,
      "market_return": 0.001808318264014508
    },
    {
      "fold": 14,
      "period": "2025-10->2026-01",
      "train_rows": 897053,
      "test_rows": 25818,
      "mean_ic": -0.016487454920515416,
      "ic_ir": -0.2943578996200085,
      "hit_rate_ic": 0.015625,
      "total_return": 0.9697603522826119,
      "sharpe": 3.3222696724390057,
      "max_dd": -0.2666173286240486,
      "n_trades": 104,
      "win_rate": 0.5384615384615384,
      "median_return": 0.005714290897316054,