{
  "config_name": "v3_multi_horizon",
  "n_features": 33,
  "feat_cols": [
    "max_dd_60d",
    "vol_of_vol_60d",
    "ret_kurtosis_60d",
    "avg_trade_size_20d",
    "obv",
    "obv_vs_sma_60d",
    "amihud_60d",
    "downside_vol_60d",
    "ema_26",
    "spread_proxy_20d",
    "ret_skew_60d",
    "ret_252d",
    "sma_200",
    "sector_ret_60d",
    "realized_vol_120d",
    "macd_hist",
    "pct_from_52w_low",
    "adv_60d",
    "ret_vs_sector_60d",
    "vol_of_vol_ratio",
    "price_roc_smooth_120d",
    "vwap_dev_avg_20d",
    "reversal_20v60",
    "vol_regime_change",
    "beta_60d",
    "macd_signal",
    "dilution_pct",
    "current_ratio",
    "model_error_ticker_5",
    "model_error_sector_20d",
    "model_hit_rate_30d",
    "model_ic_rolling_20d",
    "model_error_vol_20d"
  ],
  "aggregate": {
    "n_features": 33,
    "n_folds": 16,
    "mean_ic": 0.0016783826166908832,
    "ic_std": 0.04665763298399079,
    "mean_sharpe": 3.322753100113678,
    "mean_return": 3.6264671071684624,
    "median_return": 1.2877303332385073,
    "mean_alpha": 3.6323769600954514,
    "mean_win_rate": 0.4625,
    "selectivity_median": -0.01715334604205442,
    "folds_positive_ret": "13/16",
    "folds_positive_alpha": "13/16",
    "total_trades": 1600
  },
  "folds": [
    {
      "fold": 1,
      "period": "2022-06->2022-09",
      "train_rows": 0,
      "test_rows": 53623,
      "mean_ic": 0.01978609686763721,
      "ic_ir": 0.3185755924826694,
      "hit_rate_ic": 0,
      "total_return": 1.729352570265955,
      "sharpe": 3.1700900546895197,
      "max_dd": -0.2221962786384107,
      "n_trades": 112,
      "win_rate": 0.35714285714285715,
      "median_return": -0.08655561111805637,
      "market_return": -0.03821656050955413
    },
    {
      "fold": 2,
      "period": "2022-09->2022-12",
      "train_rows": 0,
      "test_rows": 50326,
      "mean_ic": -0.12253699510799784,
      "ic_ir": -2.7035299370856145,
      "hit_rate_ic": 0,
      "total_return": -0.6888190777614973,
      "sharpe": -7.163240053434093,
      "max_dd": -0.7134488326884063,
      "n_trades": 104,
      "win_rate": 0.22115384615384615,
      "median_return": -0.15713167035994488,
      "market_return": -0.019856630824372723
    },
    {
      "fold": 3,
      "period": "2022-12->2023-03",
      "train_rows": 0,
      "test_rows": 47477,
      "mean_ic": 0.051338760526331725,
      "ic_ir": 0.813877779193255,
      "hit_rate_ic": 0,
      "total_return": 0.6324696999112212,
      "sharpe": 1.8514068899472076,
      "max_dd": -0.5016959329919897,
      "n_trades": 104,
      "win_rate": 0.3942307692307692,
      "median_return": -0.05283094098883567,
      "market_return": -0.029781771501925625
    },
    {
      "fold": 4,
      "period": "2023-03->2023-06",
      "train_rows": 0,
      "test_rows": 46348,
      "mean_ic": 0.0076637711349787415,
      "ic_ir": 0.11812855424282641,
      "hit_rate_ic": 0,
      "total_return": -0.2500407527488233,
      "sharpe": -1.4333100869903357,
      "max_dd": -0.4203482835890861,
      "n_trades": 104,
      "win_rate": 0.28846153846153844,
      "median_return": -0.1232674104124408,
      "market_return": 0.02517348297028077
    },
    {
      "fold": 5,
      "period": "2023-06->2023-09",
      "train_rows": 0,
      "test_rows": 44159,
      "mean_ic": -0.04171137040918871,
      "ic_ir": -0.6728539235737496,
      "hit_rate_ic": 0,
      "total_return": -0.16592642611380937,
      "sharpe": -0.7634144752393098,
      "max_dd": -0.39770909014488887,
      "n_trades": 104,
      "win_rate": 0.33653846153846156,
      "median_return": -0.07923479100758703,
      "market_return": -0.05430242272347541
    },
    {
      "fold": 6,
      "period": "2023-09->2023-12",
      "train_rows": 0,
      "test_rows": 43195,
      "mean_ic": -0.0030632873342554983,
      "ic_ir": -0.05704171712547244,
      "hit_rate_ic": 0,
      "total_return": 2.9868118153455745,
      "sharpe": 5.215309090309886,
      "max_dd": -0.08114938043158755,
      "n_trades": 112,
      "win_rate": 0.5267857142857143,
      "median_return": 0.011237032870891141,
      "market_return": 0.03621328771029386
    },
    {
      "fold": 7,
      "period": "2023-12->2024-03",
      "train_rows": 0,
      "test_rows": 40262,
      "mean_ic": -0.02416137023307091,
      "ic_ir": -0.33453128676880384,
      "hit_rate_ic": 0,
      "total_return": 12.123010850303329,
      "sharpe": 6.046717193296937,
      "max_dd": -0.29374726350761765,
      "n_trades": 104,
      "win_rate": 0.4807692307692308,
      "median_return": -0.03195323691141813,
      "market_return": -0.008633093525179936
    },
    {
      "fold": 8,
      "period": "2024-03->2024-06",
      "train_rows": 0,
      "test_rows": 38677,
      "mean_ic": -0.006277778750891816,
      "ic_ir": -0.13074500302015965,
      "hit_rate_ic": 0,
      "total_return": 0.4606702006826202,
      "sharpe": 2.8802302515720095,
      "max_dd": -0.1281199994133022,
      "n_trades": 104,
      "win_rate": 0.4423076923076923,
      "median_return": -0.04723717146433036,
      "market_return": -0.038262367824773436
    },
    {
      "fold": 9,
      "period": "2024-06->2024-09",
      "train_rows": 0,
      "test_rows": 38728,
      "mean_ic": 0.012521006810156478,
      "ic_ir": 0.2380573034794335,
      "hit_rate_ic": 0,
      "total_return": 3.5536191255356195,
      "sharpe": 4.903075079070195,
      "max_dd": -0.26319157440682617,
      "n_trades": 112,
      "win_rate": 0.5625,
      "median_return": 0.03609504372561251,
      "market_return": 0.06211862634984999
    },
    {
      "fold": 10,
      "period": "2024-09->2025-01",
      "train_rows": 0,
      "test_rows": 36209,
      "mean_ic": 0.04057175247115023,
      "ic_ir": 0.9149051566678333,
      "hit_rate_ic": 0,
      "total_return": 5.541752655147849,
      "sharpe": 8.256776035352205,
      "max_dd": -0.0821362984123015,
      "n_trades": 104,
      "win_rate": 0.5480769230769231,
      "median_return": 0.054847096694317185,
      "market_return": 0.0
    },
    {
      "fold": 11,
      "period": "2025-01->2025-04",
      "train_rows": 0,
      "test_rows": 33623,
      "mean_ic": 0.008840457880318644,
      "ic_ir": 0.12718770240089228,
      "hit_rate_ic": 0,
      "total_return": 0.008147470180980276,
      "sharpe": 0.4030251513101688,
      "max_dd": -0.29217759075057015,
      "n_trades": 104,
      "win_rate": 0.34615384615384615,
      "median_return": -0.0938855028227916,
      "market_return": -0.20202751629254168
    },
    {
      "fold": 12,
      "period": "2025-04->2025-07",
      "train_rows": 0,
      "test_rows": 31199,
      "mean_ic": 0.06533475682319692,
      "ic_ir": 0.9145029971606868,
      "hit_rate_ic": 0,
      "total_return": 15.28631078547371,
      "sharpe": 9.743725412669763,
      "max_dd": 0.0,
      "n_trades": 104,
      "win_rate": 0.7211538461538461,
      "median_return": 0.12212386251119806,
      "market_return": 0.18234643054786925
    },
    {
      "fold": 13,
      "period": "2025-07->2025-10",
      "train_rows": 0,
      "test_rows": 30503,
      "mean_ic": 0.04605531966699854,
      "ic_ir": 0.6937086899575019,
      "hit_rate_ic": 0,
      "total_return": 6.2637623866939816,
      "sharpe": 8.867958861403071,
      "max_dd": -0.09569082163531242,
      "n_trades": 112,
      "win_rate": 0.6071428571428571,
      "median_return": 0.04963372373557928,
      "market_return": 0.001808318264014508
    },
    {
      "fold": 14,
      "period": "2025-10->2026-01",
      "train_rows": 0,
      "test_rows": 25818,
      "mean_ic": -0.0717640259974762,
      "ic_ir": -1.1283573624240109,
      "hit_rate_ic": 0,
      "total_return": 0.8461080962110594,
      "sharpe": 3.3761224649232666,
      "max_dd": -0.16003807873898326,
      "n_trades": 104,
      "win_rate": 0.5096153846153846,
      "median_return": 0.005763090676883733,
      "market_return": 0.020491803278688492
    },
    {
      "fold": 15,