{
  "config_name": "v3_regime",
  "n_features": 55,
  "feat_cols": [
    "max_dd_60d",
    "vol_of_vol_60d",
    "ret_kurtosis_60d",
    "avg_trade_size_20d",
    "obv",
    "obv_vs_sma_60d",
    "amihud_60d",
    "downside_vol_60d",
    "ema_26",
    "spread_proxy_20d",
    "ret_skew_60d",
    "ret_252d",
    "sma_200",
    "sector_ret_60d",
    "realized_vol_120d",
    "macd_hist",
    "pct_from_52w_low",
    "adv_60d",
    "ret_vs_sector_60d",
    "vol_of_vol_ratio",
    "price_roc_smooth_120d",
    "vwap_dev_avg_20d",
    "reversal_20v60",
    "vol_regime_change",
    "beta_60d",
    "macd_signal",
    "dilution_pct",
    "current_ratio",
    "model_error_ticker_5",
    "model_error_sector_20d",
    "model_hit_rate_30d",
    "model_ic_rolling_20d",
    "model_error_vol_20d",
    "iwm_ret_5d",
    "iwm_ret_20d",
    "iwm_ret_60d",
    "iwm_vol_20d",
    "iwm_drawdown",
    "iwm_trend_bull",
    "spy_ret_20d",
    "spy_drawdown",
    "iwm_vs_qqq_60d",
    "vix_close",
    "vix_change_5d",
    "vix_zscore_60d",
    "credit_spread_20d",
    "tnx_close",
    "tnx_change_20d",
    "tlt_ret_20d",
    "dxy_change_20d",
    "xlf_ret_20d",
    "xle_ret_20d",
    "xlv_ret_20d",
    "xlk_ret_20d",
    "xli_ret_20d"
  ],
  "aggregate": {
    "n_features": 55,
    "n_folds": 16,
    "mean_ic": 0.05231255613986591,
    "ic_std": 0.03748295546447683,
    "mean_sharpe": 2.932924116741893,
    "mean_return": 3.438291452455717,
    "median_return": 1.0106626401738281,
    "mean_alpha": 3.444201305382707,
    "mean_win_rate": 0.464375,
    "selectivity_median": -0.02143298639299727,
    "folds_positive_ret": "12/16",
    "folds_positive_alpha": "12/16",
    "total_trades": 1600
  },
  "folds": [
    {
      "fold": 1,
      "period": "2022-06->2022-09",
      "train_rows": 362724,
      "test_rows": 53623,
      "mean_ic": -0.0079057075827038,
      "ic_ir": -0.07613428468683352,
      "hit_rate_ic": 0.015151515151515152,
      "total_return": 0.5834187848983294,
      "sharpe": 2.763554951443512,
      "max_dd": -0.10467852741326476,
      "n_trades": 112,
      "win_rate": 0.38392857142857145,
      "median_return": -0.04273214926906878,
      "market_return": -0.03821656050955413
    },
    {
      "fold": 2,
      "period": "2022-09->2022-12",
      "train_rows": 416347,
      "test_rows": 50326,
      "mean_ic": -0.02074199426902926,
      "ic_ir": -0.5746983255881969,
      "hit_rate_ic": 0.015384615384615385,
      "total_return": -0.4331379165539203,
      "sharpe": -4.723490706989964,
      "max_dd": -0.45480665921159347,
      "n_trades": 104,
      "win_rate": 0.3269230769230769,
      "median_return": -0.09065844070757806,
      "market_return": -0.019856630824372723
    },
    {
      "fold": 3,
      "period": "2022-12->2023-03",
      "train_rows": 466673,
      "test_rows": 47477,
      "mean_ic": 0.04651036069696846,
      "ic_ir": 0.4528791656043572,
      "hit_rate_ic": 0.015625,
      "total_return": -0.2724093552002783,
      "sharpe": -0.4288321279486945,
      "max_dd": -0.6002128083080053,
      "n_trades": 104,
      "win_rate": 0.3269230769230769,
      "median_return": -0.10621986499517834,
      "market_return": -0.029781771501925625
    },
    {
      "fold": 4,
      "period": "2023-03->2023-06",
      "train_rows": 514150,
      "test_rows": 46348,
      "mean_ic": 0.04168056001569187,
      "ic_ir": 1.1196149028810973,
      "hit_rate_ic": 0.015384615384615385,
      "total_return": -0.5171956865531051,
      "sharpe": -5.751416377192799,
      "max_dd": -0.5577231413202746,
      "n_trades": 104,
      "win_rate": 0.27884615384615385,
      "median_return": -0.11023319366772955,
      "market_return": 0.02517348297028077
    },
    {
      "fold": 5,
      "period": "2023-06->2023-09",
      "train_rows": 560498,
      "test_rows": 44159,
      "mean_ic": 0.06660616875142365,
      "ic_ir": 0.8704032829236,
      "hit_rate_ic": 0.015384615384615385,
      "total_return": 0.32355187552575115,
      "sharpe": 1.2851689361909011,
      "max_dd": -0.32275362163368454,
      "n_trades": 104,
      "win_rate": 0.38461538461538464,
      "median_return": -0.04880051062994062,
      "market_return": -0.05430242272347541
    },
    {
      "fold": 6,
      "period": "2023-09->2023-12",
      "train_rows": 604657,
      "test_rows": 43195,
      "mean_ic": 0.05673848838424293,
      "ic_ir": 0.6896449789007868,
      "hit_rate_ic": 0.015151515151515152,
      "total_return": 1.347141946846897,
      "sharpe": 3.855834876625822,
      "max_dd": -0.1596729642372219,
      "n_trades": 112,
      "win_rate": 0.5267857142857143,
      "median_return": 0.014563843236409621,
      "market_return": 0.03621328771029386
    },
    {
      "fold": 7,
      "period": "2023-12->2024-03",
      "train_rows": 647852,
      "test_rows": 40262,
      "mean_ic": 0.07036005493909431,
      "ic_ir": 1.160137920109081,
      "hit_rate_ic": 0.015625,
      "total_return": 7.2832810358988915,
      "sharpe": 5.058906295992745,
      "max_dd": -0.4824734743698652,
      "n_trades": 104,
      "win_rate": 0.4326923076923077,
      "median_return": -0.04540103016924213,
      "market_return": -0.008633093525179936
    },
    {
      "fold": 8,
      "period": "2024-03->2024-06",
      "train_rows": 688114,
      "test_rows": 38677,
      "mean_ic": 0.10236383394995761,
      "ic_ir": 2.2207274175353433,
      "hit_rate_ic": 0.015625,
      "total_return": 0.422019639510707,
      "sharpe": 2.1469563309329835,
      "max_dd": -0.20158708261454883,
      "n_trades": 104,
      "win_rate": 0.4326923076923077,
      "median_return": -0.05225908793007675,
      "market_return": -0.038262367824773436
    },
    {
      "fold": 9,
      "period": "2024-06->2024-09",
      "train_rows": 726791,
      "test_rows": 38728,
      "mean_ic": 0.10047016383398119,
      "ic_ir": 1.8175037644985814,
      "hit_rate_ic": 0.015151515151515152,
      "total_return": 5.928370175840357,
      "sharpe": 8.18926258278265,
      "max_dd": -0.07283976804760942,
      "n_trades": 112,
      "win_rate": 0.625,
      "median_return": 0.0554099419663659,
      "market_return": 0.06211862634984999
    },
    {
      "fold": 10,
      "period": "2024-09->2025-01",
      "train_rows": 765519,
      "test_rows": 36209,
      "mean_ic": 0.09655569924266985,
      "ic_ir": 2.594856658103616,
      "hit_rate_ic": 0.015384615384615385,
      "total_return": 19.61512689505754,
      "sharpe": 8.206914009277364,
      "max_dd": -0.03935688202374537,
      "n_trades": 104,
      "win_rate": 0.5673076923076923,
      "median_return": 0.07111800728235687,
      "market_return": 0.0
    },
    {
      "fold": 11,
      "period": "2025-01->2025-04",
      "train_rows": 801728,
      "test_rows": 33623,
      "mean_ic": 0.06972425906294097,
      "ic_ir": 0.9545802344510688,
      "hit_rate_ic": 0.015625,
      "total_return": 1.6313472018070012,
      "sharpe": 4.376734929641525,
      "max_dd": -0.0574567873319762,
      "n_trades": 104,
      "win_rate": 0.4423076923076923,
      "median_return": -0.06997144022847811,
      "market_return": -0.20202751629254168
    },
    {
      "fold": 12,
      "period": "2025-04->2025-07",
      "train_rows": 835351,
      "test_rows": 31199,
      "mean_ic": 0.04158169019563671,
      "ic_ir": 0.9647886529815209,
      "hit_rate_ic": 0.015873015873015872,
      "total_return": 8.518434879889773,
      "sharpe": 8.820128248044828,
      "max_dd": 0.0,
      "n_trades": 104,
      "win_rate": 0.7019230769230769,
      "median_return": 0.10957047539616342,
      "market_return": 0.18234643054786925
    },
    {
      "fold": 13,
      "period": "2025-07->2025-10",
      "train_rows": 866550,
      "test_rows": 30503,
      "mean_ic": 0.04730503374875841,
      "ic_ir": 0.7258250180800309,
      "hit_rate_ic": 0.014925373134328358,
      "total_return": 1.6155643398148252,
      "sharpe": 3.8729334223732805,
      "max_dd": -0.2625213728356908,
      "n_trades": 112,