{
  "config_name": "v3_regime_sized",
  "n_features": 33,
  "feat_cols": [
    "max_dd_60d",
    "vol_of_vol_60d",
    "ret_kurtosis_60d",
    "avg_trade_size_20d",
    "obv",
    "obv_vs_sma_60d",
    "amihud_60d",
    "downside_vol_60d",
    "ema_26",
    "spread_proxy_20d",
    "ret_skew_60d",
    "ret_252d",
    "sma_200",
    "sector_ret_60d",
    "realized_vol_120d",
    "macd_hist",
    "pct_from_52w_low",
    "adv_60d",
    "ret_vs_sector_60d",
    "vol_of_vol_ratio",
    "price_roc_smooth_120d",
    "vwap_dev_avg_20d",
    "reversal_20v60",
    "vol_regime_change",
    "beta_60d",
    "macd_signal",
    "dilution_pct",
    "current_ratio",
    "model_error_ticker_5",
    "model_error_sector_20d",
    "model_hit_rate_30d",
    "model_ic_rolling_20d",
    "model_error_vol_20d"
  ],
  "aggregate": {
    "n_features": 33,
    "n_folds": 16,
    "mean_ic": 0.00581988879761766,
    "ic_std": 0.04533408349008271,
    "mean_sharpe": 3.5832156679505056,
    "mean_return": 1.419950514405989,
    "median_return": 0.4306270651045111,
    "mean_alpha": 1.4258603673329784,
    "mean_win_rate": 0.495625,
    "selectivity_median": 0.004686768244798228,
    "folds_positive_ret": "14/16",
    "folds_positive_alpha": "14/16",
    "total_trades": 1600
  },
  "folds": [
    {
      "fold": 1,
      "period": "2022-06->2022-09",
      "train_rows": 362724,
      "test_rows": 53623,
      "mean_ic": 0.01161106477597072,
      "ic_ir": 0.22546079262775492,
      "hit_rate_ic": 0,
      "total_return": 0.7116455224658285,
      "sharpe": 3.6077385465848977,
      "max_dd": -0.05671074045961545,
      "n_trades": 112,
      "win_rate": 0.5089285714285714,
      "median_return": 0.0034214092140921583,
      "market_return": -0.03821656050955413
    },
    {
      "fold": 2,
      "period": "2022-09->2022-12",
      "train_rows": 416347,
      "test_rows": 50326,
      "mean_ic": -0.10946695553702362,
      "ic_ir": -2.0884651580999534,
      "hit_rate_ic": 0,
      "total_return": -0.11204830157441581,
      "sharpe": -2.4877038987140123,
      "max_dd": -0.15371686254630626,
      "n_trades": 104,
      "win_rate": 0.36538461538461536,
      "median_return": -0.10392194012883671,
      "market_return": -0.019856630824372723
    },
    {
      "fold": 3,
      "period": "2022-12->2023-03",
      "train_rows": 466673,
      "test_rows": 47477,
      "mean_ic": 0.04432546156169832,
      "ic_ir": 0.71199375590881,
      "hit_rate_ic": 0,
      "total_return": 0.3274952766038941,
      "sharpe": 3.2539085585962915,
      "max_dd": -0.09910974046933299,
      "n_trades": 104,
      "win_rate": 0.5769230769230769,
      "median_return": 0.011598122128813912,
      "market_return": -0.029781771501925625
    },
    {
      "fold": 4,
      "period": "2023-03->2023-06",
      "train_rows": 514150,
      "test_rows": 46348,
      "mean_ic": 0.007319554255866473,
      "ic_ir": 0.11882976671433355,
      "hit_rate_ic": 0,
      "total_return": 0.08364231326822558,
      "sharpe": 1.4830593692374499,
      "max_dd": -0.08908169064398469,
      "n_trades": 104,
      "win_rate": 0.3942307692307692,
      "median_return": -0.04699540126239854,
      "market_return": 0.02517348297028077
    },
    {
      "fold": 5,
      "period": "2023-06->2023-09",
      "train_rows": 560498,
      "test_rows": 44159,
      "mean_ic": -0.034591337102895185,
      "ic_ir": -0.705044210356328,
      "hit_rate_ic": 0,
      "total_return": -0.05707577004778397,
      "sharpe": -1.180691091557772,
      "max_dd": -0.1286270624072246,
      "n_trades": 104,
      "win_rate": 0.3557692307692308,
      "median_return": -0.0627737345121217,
      "market_return": -0.05430242272347541
    },
    {
      "fold": 6,
      "period": "2023-09->2023-12",
      "train_rows": 604657,
      "test_rows": 43195,
      "mean_ic": 0.00011263946508482905,
      "ic_ir": 0.0019079134575550323,
      "hit_rate_ic": 0,
      "total_return": 0.322533236925145,
      "sharpe": 2.756481129012567,
      "max_dd": -0.04994588100673125,
      "n_trades": 112,
      "win_rate": 0.4732142857142857,
      "median_return": -0.015129453060027836,
      "market_return": 0.03621328771029386
    },
    {
      "fold": 7,
      "period": "2023-12->2024-03",
      "train_rows": 647852,
      "test_rows": 40262,
      "mean_ic": -0.035979930988549465,
      "ic_ir": -0.6123358312206393,
      "hit_rate_ic": 0,
      "total_return": 4.131819882990413,
      "sharpe": 6.5005693570675716,
      "max_dd": -0.08856235152365127,
      "n_trades": 104,
      "win_rate": 0.5769230769230769,
      "median_return": 0.049408582149667674,
      "market_return": -0.008633093525179936
    },
    {
      "fold": 8,
      "period": "2024-03->2024-06",
      "train_rows": 688114,
      "test_rows": 38677,
      "mean_ic": 0.011314139941361627,
      "ic_ir": 0.29391149717106774,
      "hit_rate_ic": 0,
      "total_return": 0.35382356808470905,
      "sharpe": 2.7385096399197018,
      "max_dd": -0.14166884607742836,
      "n_trades": 104,
      "win_rate": 0.5,
      "median_return": 0.0010048808498420944,
      "market_return": -0.038262367824773436
    },
    {
      "fold": 9,
      "period": "2024-06->2024-09",
      "train_rows": 726791,
      "test_rows": 38728,
      "mean_ic": 0.002880890743680592,
      "ic_ir": 0.05938729717132552,
      "hit_rate_ic": 0,
      "total_return": 1.698435961937073,
      "sharpe": 5.666627415447428,
      "max_dd": -0.06182650668438505,
      "n_trades": 112,
      "win_rate": 0.5089285714285714,
      "median_return": 0.005465133641929227,
      "market_return": 0.06211862634984999
    },
    {
      "fold": 10,
      "period": "2024-09->2025-01",
      "train_rows": 765519,
      "test_rows": 36209,
      "mean_ic": 0.04155231214845351,
      "ic_ir": 1.020460267960852,
      "hit_rate_ic": 0,
      "total_return": 2.7102771436135775,
      "sharpe": 5.481286918901575,
      "max_dd": -0.13220341882446718,
      "n_trades": 104,
      "win_rate": 0.4423076923076923,
      "median_return": -0.010817748441510799,
      "market_return": 0.0
    },
    {
      "fold": 11,
      "period": "2025-01->2025-04",
      "train_rows": 801728,
      "test_rows": 33623,
      "mean_ic": 0.010174723701330025,
      "ic_ir": 0.15250690251429266,
      "hit_rate_ic": 0,
      "total_return": 0.02768784469122232,
      "sharpe": 0.503469411975666,
      "max_dd": -0.37820921691077525,
      "n_trades": 104,
      "win_rate": 0.34615384615384615,
      "median_return": -0.09887517236139941,
      "market_return": -0.20202751629254168
    },
    {
      "fold": 12,
      "period": "2025-04->2025-07",
      "train_rows": 835351,
      "test_rows": 31199,
      "mean_ic": 0.08068314770943498,
      "ic_ir": 1.308261891603296,
      "hit_rate_ic": 0,
      "total_return": 1.4664270384303308,
      "sharpe": 10.69562687496866,
      "max_dd": -0.020270325691104128,
      "n_trades": 104,
      "win_rate": 0.6730769230769231,
      "median_return": 0.0880772005772005,
      "market_return": 0.18234643054786925
    },
    {
      "fold": 13,
      "period": "2025-07->2025-10",
      "train_rows": 866550,
      "test_rows": 30503,
      "mean_ic": 0.061605428694508975,
      "ic_ir": 1.0052868614602186,
      "hit_rate_ic": 0,
      "total_return": 6.521635336901239,
      "sharpe": 7.741647830042173,
      "max_dd": -0.08806726827066995,
      "n_trades": 112,
      "win_rate": 0.6428571428571429,
      "median_return": 0.054982523189000695,
      "market_return": 0.001808318264014508
    },
    {
      "fold": 14,
      "period": "2025-10->2026-01",
      "train_rows": 897053,
      "test_rows": 25818,
      "mean_ic": -0.053596905436511064,
      "ic_ir": -0.8358701399083365,
      "hit_rate_ic": 0,
      "total_return": 0.5074305621243131,
      "sharpe": 2.4042535552663704,
      "max_dd": -0.2530495666102754,
      "n_trades": 104,
      "win_rate": 0.46153846153846156,
      "median_return": -0.018387292040927906,