{
  "config_name": "v3_sector_fix",
  "n_features": 33,
  "feat_cols": [
    "max_dd_60d",
    "vol_of_vol_60d",
    "ret_kurtosis_60d",
    "avg_trade_size_20d",
    "obv",
    "obv_vs_sma_60d",
    "amihud_60d",
    "downside_vol_60d",
    "ema_26",
    "spread_proxy_20d",
    "ret_skew_60d",
    "ret_252d",
    "sma_200",
    "sector_ret_60d",
    "realized_vol_120d",
    "macd_hist",
    "pct_from_52w_low",
    "adv_60d",
    "ret_vs_sector_60d",
    "vol_of_vol_ratio",
    "price_roc_smooth_120d",
    "vwap_dev_avg_20d",
    "reversal_20v60",
    "vol_regime_change",
    "beta_60d",
    "macd_signal",
    "dilution_pct",
    "current_ratio",
    "model_error_ticker_5",
    "model_error_sector_20d",
    "model_hit_rate_30d",
    "model_ic_rolling_20d",
    "model_error_vol_20d"
  ],
  "aggregate": {
    "n_features": 33,
    "n_folds": 16,
    "mean_ic": 0.057814688861787145,
    "ic_std": 0.04180260635093222,
    "mean_sharpe": 2.8877704025013413,
    "mean_return": 2.9584935037450437,
    "median_return": 0.4644234198201648,
    "mean_alpha": 2.964403356672033,
    "mean_win_rate": 0.465,
    "selectivity_median": -0.023200522773121846,
    "folds_positive_ret": "14/16",
    "folds_positive_alpha": "14/16",
    "total_trades": 1600
  },
  "folds": [
    {
      "fold": 1,
      "period": "2022-06->2022-09",
      "train_rows": 362724,
      "test_rows": 53623,
      "mean_ic": -0.010246122396659752,
      "ic_ir": -0.09150988364812257,
      "hit_rate_ic": 0.015151515151515152,
      "total_return": 0.45982693315103584,
      "sharpe": 2.1364407618586934,
      "max_dd": -0.17401225395809775,
      "n_trades": 112,
      "win_rate": 0.41964285714285715,
      "median_return": -0.064896953405018,
      "market_return": -0.03821656050955413
    },
    {
      "fold": 2,
      "period": "2022-09->2022-12",
      "train_rows": 416347,
      "test_rows": 50326,
      "mean_ic": -0.034191150488069026,
      "ic_ir": -0.604430954913799,
      "hit_rate_ic": 0.015384615384615385,
      "total_return": -0.40024106336638665,
      "sharpe": -3.9691924395687117,
      "max_dd": -0.44225251051363357,
      "n_trades": 104,
      "win_rate": 0.34615384615384615,
      "median_return": -0.12027487617085969,
      "market_return": -0.019856630824372723
    },
    {
      "fold": 3,
      "period": "2022-12->2023-03",
      "train_rows": 466673,
      "test_rows": 47477,
      "mean_ic": 0.06813029335940582,
      "ic_ir": 0.5362635415903021,
      "hit_rate_ic": 0.015625,
      "total_return": -0.0383096593703971,
      "sharpe": 0.42057237595199515,
      "max_dd": -0.6144264666538776,
      "n_trades": 104,
      "win_rate": 0.36538461538461536,
      "median_return": -0.10385026737967909,
      "market_return": -0.029781771501925625
    },
    {
      "fold": 4,
      "period": "2023-03->2023-06",
      "train_rows": 514150,
      "test_rows": 46348,
      "mean_ic": 0.06151936544865521,
      "ic_ir": 1.3363477844725888,
      "hit_rate_ic": 0.015384615384615385,
      "total_return": 0.4127490406024099,
      "sharpe": 2.151834470155379,
      "max_dd": -0.16965458537248027,
      "n_trades": 104,
      "win_rate": 0.3942307692307692,
      "median_return": -0.05060183042829966,
      "market_return": 0.02517348297028077
    },
    {
      "fold": 5,
      "period": "2023-06->2023-09",
      "train_rows": 560498,
      "test_rows": 44159,
      "mean_ic": 0.07455386319036303,
      "ic_ir": 0.8776309071488625,
      "hit_rate_ic": 0.015384615384615385,
      "total_return": 0.264062911437845,
      "sharpe": 1.1213081710378308,
      "max_dd": -0.4281799161042082,
      "n_trades": 104,
      "win_rate": 0.3942307692307692,
      "median_return": -0.047013713793739614,
      "market_return": -0.05430242272347541
    },
    {
      "fold": 6,
      "period": "2023-09->2023-12",
      "train_rows": 604657,
      "test_rows": 43195,
      "mean_ic": 0.0500219151525216,
      "ic_ir": 0.5170875154596043,
      "hit_rate_ic": 0.015151515151515152,
      "total_return": 0.27532651377915496,
      "sharpe": 1.470251072995918,
      "max_dd": -0.26983000917396205,
      "n_trades": 112,
      "win_rate": 0.42857142857142855,
      "median_return": -0.026265751285716482,
      "market_return": 0.03621328771029386
    },
    {
      "fold": 7,
      "period": "2023-12->2024-03",
      "train_rows": 647852,
      "test_rows": 40262,
      "mean_ic": 0.08473487401843852,
      "ic_ir": 1.5487555113277633,
      "hit_rate_ic": 0.015625,
      "total_return": 3.885285198287889,
      "sharpe": 3.705885384997216,
      "max_dd": -0.4942297791860228,
      "n_trades": 104,
      "win_rate": 0.3942307692307692,
      "median_return": -0.06243965655220125,
      "market_return": -0.008633093525179936
    },
    {
      "fold": 8,
      "period": "2024-03->2024-06",
      "train_rows": 688114,
      "test_rows": 38677,
      "mean_ic": 0.10848786278611208,
      "ic_ir": 1.7147948788541951,
      "hit_rate_ic": 0.015625,
      "total_return": 0.06456741403068111,
      "sharpe": 0.6737260388499414,
      "max_dd": -0.1517996657309524,
      "n_trades": 104,
      "win_rate": 0.3942307692307692,
      "median_return": -0.05441396870733356,
      "market_return": -0.038262367824773436
    },
    {
      "fold": 9,
      "period": "2024-06->2024-09",
      "train_rows": 726791,
      "test_rows": 38728,
      "mean_ic": 0.1088363092695009,
      "ic_ir": 1.8160458229312932,
      "hit_rate_ic": 0.015151515151515152,
      "total_return": 3.663701425071678,
      "sharpe": 5.997589095207369,
      "max_dd": -0.1359414036849519,
      "n_trades": 112,
      "win_rate": 0.6339285714285714,
      "median_return": 0.02534412171507603,
      "market_return": 0.06211862634984999
    },
    {
      "fold": 10,
      "period": "2024-09->2025-01",
      "train_rows": 765519,
      "test_rows": 36209,
      "mean_ic": 0.1116283831634852,
      "ic_ir": 2.4223761413157137,
      "hit_rate_ic": 0.015384615384615385,
      "total_return": 18.929646695535663,
      "sharpe": 7.37058752921448,
      "max_dd": -0.05539299293379189,
      "n_trades": 104,
      "win_rate": 0.5865384615384616,
      "median_return": 0.07136992365249503,
      "market_return": 0.0
    },
    {
      "fold": 11,
      "period": "2025-01->2025-04",
      "train_rows": 801728,
      "test_rows": 33623,
      "mean_ic": 0.0856294697669003,
      "ic_ir": 1.3294623249478354,
      "hit_rate_ic": 0.015625,
      "total_return": 0.9005943991609855,
      "sharpe": 3.5938609744122805,
      "max_dd": -0.11853550140578346,
      "n_trades": 104,
      "win_rate": 0.38461538461538464,
      "median_return": -0.07885753931544873,
      "market_return": -0.20202751629254168
    },
    {
      "fold": 12,
      "period": "2025-04->2025-07",
      "train_rows": 835351,
      "test_rows": 31199,
      "mean_ic": 0.03687519256839107,
      "ic_ir": 0.8604253950804429,
      "hit_rate_ic": 0.015873015873015872,
      "total_return": 10.433908672675319,
      "sharpe": 8.732312190073479,
      "max_dd": -0.007667205427198428,
      "n_trades": 104,
      "win_rate": 0.7019230769230769,
      "median_return": 0.11879082743603704,
      "market_return": 0.18234643054786925
    },
    {
      "fold": 13,
      "period": "2025-07->2025-10",
      "train_rows": 866550,
      "test_rows": 30503,
      "mean_ic": 0.04668918315595841,
      "ic_ir": 0.849907315941337,
      "hit_rate_ic": 0.014925373134328358,
      "total_return": 1.9328310831722737,
      "sharpe": 4.198552681057525,
      "max_dd": -0.2356901645673919,
      "n_trades": 112,
      "win_rate": 0.4642857142857143,
      "median_return": -0.014035260514133768,
      "market_return": 0.001808318264014508
    },
    {
      "fold": 14,
      "period": "2025-10->2026-01",
      "train_rows": 897053,
      "test_rows": 25818,
      "mean_ic": 0.00011533476567786955,
      "ic_ir": 0.0019305302758560008,
      "hit_rate_ic": 0.015625,