{
  "config_name": "v4_exit_ts10",
  "n_features": 0,
  "feat_cols": [],
  "aggregate": {
    "n_features": 0,
    "n_folds": 16,
    "mean_ic": 0.006469639837115945,
    "mean_ic_tradable": 0.008291537237994213,
    "ic_std": 0.04277799253387571,
    "mean_sharpe": 1.9997550574634084,
    "mean_return": 0.07361676399099601,
    "median_return": 0.0787493971982911,
    "mean_alpha": 0.07865809817042188,
    "mean_win_rate": 0.5166256157635468,
    "selectivity_median": 0.0012411612375515327,
    "folds_positive_ret": "14/16",
    "folds_positive_alpha": "13/16",
    "total_trades": 1624,
    "skipped_rebalances": 0
  },
  "folds": [
    {
      "fold": 1,
      "period": "2022-06->2022-09",
      "train_rows": 215868,
      "test_rows": 54053,
      "mean_ic": 0.04702670176508569,
      "ic_ir": 0.8163917034742714,
      "hit_rate_ic": 0.015151515151515152,
      "total_return": 0.18383381588040004,
      "sharpe": 6.951039838207211,
      "max_dd": -0.00957363795970879,
      "n_trades": 112,
      "win_rate": 0.5803571428571429,
      "median_return": 0.01420071824306769,
      "market_return": -0.04036560489565355,
      "mean_ic_tradable": 0.048856128626503216,
      "n_skipped_rebalances": 0,
      "avg_candidates": 754.6428571428571
    },
    {
      "fold": 2,
      "period": "2022-09->2022-12",
      "train_rows": 269921,
      "test_rows": 50790,
      "mean_ic": -0.07049516244918021,
      "ic_ir": -0.9560566774497874,
      "hit_rate_ic": 0.015384615384615385,
      "total_return": -0.08722087424769864,
      "sharpe": -5.583987206099267,
      "max_dd": -0.08736046855173858,
      "n_trades": 104,
      "win_rate": 0.3942307692307692,
      "median_return": -0.005021361312943323,
      "market_return": -0.02117647058823524,
      "mean_ic_tradable": -0.048909130303544636,
      "n_skipped_rebalances": 0,
      "avg_candidates": 703.0
    },
    {
      "fold": 3,
      "period": "2022-12->2023-03",
      "train_rows": 320711,
      "test_rows": 47974,
      "mean_ic": 0.05883643335607296,
      "ic_ir": 0.992605971829821,
      "hit_rate_ic": 0.015625,
      "total_return": 0.13492772418419063,
      "sharpe": 3.1744720460135194,
      "max_dd": -0.04497545496544789,
      "n_trades": 104,
      "win_rate": 0.5192307692307693,
      "median_return": 0.0007337568247417681,
      "market_return": -0.02974239917186522,
      "mean_ic_tradable": 0.052274359147479396,
      "n_skipped_rebalances": 0,
      "avg_candidates": 673.5384615384615
    },
    {
      "fold": 4,
      "period": "2023-03->2023-06",
      "train_rows": 368685,
      "test_rows": 46785,
      "mean_ic": 0.02828537442862504,
      "ic_ir": 0.5068664707659047,
      "hit_rate_ic": 0.015384615384615385,
      "total_return": 0.20682218232189298,
      "sharpe": 3.35784390410293,
      "max_dd": -0.014132410817043741,
      "n_trades": 104,
      "win_rate": 0.6538461538461539,
      "median_return": 0.018054964539007144,
      "market_return": 0.02405498281786933,
      "mean_ic_tradable": 0.02072147816883522,
      "n_skipped_rebalances": 0,
      "avg_candidates": 639.6153846153846
    },
    {
      "fold": 5,
      "period": "2023-06->2023-09",
      "train_rows": 415470,
      "test_rows": 44784,
      "mean_ic": -0.06473126319614893,
      "ic_ir": -0.9005087460756391,
      "hit_rate_ic": 0.015384615384615385,
      "total_return": 0.015589922810291368,
      "sharpe": 0.7204409448047875,
      "max_dd": -0.06201838695808562,
      "n_trades": 104,
      "win_rate": 0.49038461538461536,
      "median_return": -0.003,
      "market_return": -0.054512962513811436,
      "mean_ic_tradable": -0.056559609674558205,
      "n_skipped_rebalances": 0,
      "avg_candidates": 618.0769230769231
    },
    {
      "fold": 6,
      "period": "2023-09->2023-12",
      "train_rows": 460254,
      "test_rows": 43788,
      "mean_ic": 0.0032395525522281674,
      "ic_ir": 0.03560310457890855,
      "hit_rate_ic": 0.015151515151515152,
      "total_return": 0.04643290618309104,
      "sharpe": 1.4309184756940718,
      "max_dd": -0.05154272635999148,
      "n_trades": 112,
      "win_rate": 0.5267857142857143,
      "median_return": 0.01669993926647699,
      "market_return": 0.03455284552845517,
      "mean_ic_tradable": 0.017988676309620918,
      "n_skipped_rebalances": 0,
      "avg_candidates": 568.7142857142857
    },
    {
      "fold": 7,
      "period": "2023-12->2024-03",
      "train_rows": 504042,
      "test_rows": 40845,
      "mean_ic": 0.0074948204184553885,
      "ic_ir": 0.1449438047534852,
      "hit_rate_ic": 0.015625,
      "total_return": 0.1639998173645414,
      "sharpe": 5.463388029857168,
      "max_dd": -0.004604592220808181,
      "n_trades": 104,
      "win_rate": 0.5769230769230769,
      "median_return": 0.008004359841569175,
      "market_return": -0.009033527894665438,
      "mean_ic_tradable": 0.01700745704985617,
      "n_skipped_rebalances": 0,
      "avg_candidates": 563.3846153846154
    },
    {
      "fold": 8,
      "period": "2024-03->2024-06",
      "train_rows": 544887,
      "test_rows": 39463,
      "mean_ic": 0.006938209857164365,
      "ic_ir": 0.16244507550256002,
      "hit_rate_ic": 0.015625,
      "total_return": 0.07346406632189195,
      "sharpe": 1.4506258559618517,
      "max_dd": -0.03216654588117385,
      "n_trades": 104,
      "win_rate": 0.49038461538461536,
      "median_return": -0.0025405474131952807,
      "market_return": -0.039196521966527176,
      "mean_ic_tradable": 0.024448326397549514,
      "n_skipped_rebalances": 0,
      "avg_candidates": 536.3846153846154
    },
    {
      "fold": 9,
      "period": "2024-06->2024-09",
      "train_rows": 584350,
      "test_rows": 39119,
      "mean_ic": 0.044085608453384835,
      "ic_ir": 1.0063399962028503,
      "hit_rate_ic": 0.015151515151515152,
      "total_return": 0.08403472807469026,
      "sharpe": 2.3606123939393946,
      "max_dd": -0.03179476004621525,
      "n_trades": 112,
      "win_rate": 0.5357142857142857,
      "median_return": 0.006663494433041001,
      "market_return": 0.059259259259259345,
      "mean_ic_tradable": 0.04805530651199505,
      "n_skipped_rebalances": 0,
      "avg_candidates": 519.5
    },
    {
      "fold": 10,
      "period": "2024-09->2025-01",
      "train_rows": 623469,
      "test_rows": 36632,
      "mean_ic": 0.034031932467551,
      "ic_ir": 0.58532440717178,
      "hit_rate_ic": 0.015384615384615385,
      "total_return": 0.17628412728919995,
      "sharpe": 4.972897854799065,
      "max_dd": -0.02153505252212171,
      "n_trades": 104,
      "win_rate": 0.5192307692307693,
      "median_return": 0.005061506004544029,
      "market_return": 0.0,
      "mean_ic_tradable": 0.023195415292467506,
      "n_skipped_rebalances": 0,
      "avg_candidates": 505.0
    },
    {
      "fold": 11,
      "period": "2025-01->2025-04",
      "train_rows": 660101,
      "test_rows": 34000,
      "mean_ic": -0.04466938049746859,
      "ic_ir": -0.4443873121448138,
      "hit_rate_ic": 0.015625,
      "total_return": -0.14274028312482945,
      "sharpe": -3.6081966731539086,
      "max_dd": -0.17829421553501607,
      "n_trades": 104,
      "win_rate": 0.3269230769230769,
      "median_return": -0.06971992220061125,
      "market_return": -0.19867053722518918,
      "mean_ic_tradable": -0.042030215776764676,
      "n_skipped_rebalances": 0,
      "avg_candidates": 480.0
    },
    {
      "fold": 12,
      "period": "2025-04->2025-07",
      "train_rows": 694101,
      "test_rows": 31528,
      "mean_ic": 0.06652303280596608,
      "ic_ir": 0.8432479804855025,
      "hit_rate_ic": 0.015873015873015872,
      "total_return": 0.13381569547401062,
      "sharpe": 4.430598453274369,
      "max_dd": -0.02486792616325702,
      "n_trades": 104,
      "win_rate": 0.6057692307692307,
      "median_return": 0.03279624268465417,
      "market_return": 0.18377409233527575,
      "mean_ic_tradable": 0.04961340420522343,