{
  "config_name": "v4_exit_be5",
  "n_features": 0,
  "feat_cols": [],
  "aggregate": {
    "n_features": 0,
    "n_folds": 16,
    "mean_ic": 0.006469639837115945,
    "mean_ic_tradable": 0.008291537237994213,
    "ic_std": 0.04277799253387571,
    "mean_sharpe": 2.43163866101287,
    "mean_return": 0.11612864571378063,
    "median_return": 0.11692141158443103,
    "mean_alpha": 0.12116997989320652,
    "mean_win_rate": 0.437807881773399,
    "selectivity_median": -0.006236688038600627,
    "folds_positive_ret": "13/16",
    "folds_positive_alpha": "14/16",
    "total_trades": 1624,
    "skipped_rebalances": 0
  },
  "folds": [
    {
      "fold": 1,
      "period": "2022-06->2022-09",
      "train_rows": 215868,
      "test_rows": 54053,
      "mean_ic": 0.04702670176508569,
      "ic_ir": 0.8163917034742714,
      "hit_rate_ic": 0.015151515151515152,
      "total_return": 0.25937748059248356,
      "sharpe": 6.154294392034247,
      "max_dd": -0.008137483105599513,
      "n_trades": 112,
      "win_rate": 0.49107142857142855,
      "median_return": -0.0016111111111111408,
      "market_return": -0.04036560489565355,
      "mean_ic_tradable": 0.048856128626503216,
      "n_skipped_rebalances": 0,
      "avg_candidates": 754.6428571428571
    },
    {
      "fold": 2,
      "period": "2022-09->2022-12",
      "train_rows": 269921,
      "test_rows": 50790,
      "mean_ic": -0.07049516244918021,
      "ic_ir": -0.9560566774497874,
      "hit_rate_ic": 0.015384615384615385,
      "total_return": -0.11127680981309829,
      "sharpe": -5.039409234357992,
      "max_dd": -0.10668323568973273,
      "n_trades": 104,
      "win_rate": 0.28846153846153844,
      "median_return": -0.018999522416572087,
      "market_return": -0.02117647058823524,
      "mean_ic_tradable": -0.048909130303544636,
      "n_skipped_rebalances": 0,
      "avg_candidates": 703.0
    },
    {
      "fold": 3,
      "period": "2022-12->2023-03",
      "train_rows": 320711,
      "test_rows": 47974,
      "mean_ic": 0.05883643335607296,
      "ic_ir": 0.992605971829821,
      "hit_rate_ic": 0.015625,
      "total_return": 0.20631344350109204,
      "sharpe": 4.085933959960176,
      "max_dd": -0.03633980187383505,
      "n_trades": 104,
      "win_rate": 0.49038461538461536,
      "median_return": -0.003,
      "market_return": -0.02974239917186522,
      "mean_ic_tradable": 0.052274359147479396,
      "n_skipped_rebalances": 0,
      "avg_candidates": 673.5384615384615
    },
    {
      "fold": 4,
      "period": "2023-03->2023-06",
      "train_rows": 368685,
      "test_rows": 46785,
      "mean_ic": 0.02828537442862504,
      "ic_ir": 0.5068664707659047,
      "hit_rate_ic": 0.015384615384615385,
      "total_return": 0.40448135443118605,
      "sharpe": 5.631784373875787,
      "max_dd": -0.009396437455719425,
      "n_trades": 104,
      "win_rate": 0.5384615384615384,
      "median_return": 0.008813706929193497,
      "market_return": 0.02405498281786933,
      "mean_ic_tradable": 0.02072147816883522,
      "n_skipped_rebalances": 0,
      "avg_candidates": 639.6153846153846
    },
    {
      "fold": 5,
      "period": "2023-06->2023-09",
      "train_rows": 415470,
      "test_rows": 44784,
      "mean_ic": -0.06473126319614893,
      "ic_ir": -0.9005087460756391,
      "hit_rate_ic": 0.015384615384615385,
      "total_return": 0.039903234816141664,
      "sharpe": 1.2465562320463348,
      "max_dd": -0.07860743355762892,
      "n_trades": 104,
      "win_rate": 0.4326923076923077,
      "median_return": -0.013279982190094517,
      "market_return": -0.054512962513811436,
      "mean_ic_tradable": -0.056559609674558205,
      "n_skipped_rebalances": 0,
      "avg_candidates": 618.0769230769231
    },
    {
      "fold": 6,
      "period": "2023-09->2023-12",
      "train_rows": 460254,
      "test_rows": 43788,
      "mean_ic": 0.0032395525522281674,
      "ic_ir": 0.03560310457890855,
      "hit_rate_ic": 0.015151515151515152,
      "total_return": 0.08715227881347287,
      "sharpe": 2.000202467522996,
      "max_dd": -0.07842629726198755,
      "n_trades": 112,
      "win_rate": 0.4642857142857143,
      "median_return": -0.006970588685928983,
      "market_return": 0.03455284552845517,
      "mean_ic_tradable": 0.017988676309620918,
      "n_skipped_rebalances": 0,
      "avg_candidates": 568.7142857142857
    },
    {
      "fold": 7,
      "period": "2023-12->2024-03",
      "train_rows": 504042,
      "test_rows": 40845,
      "mean_ic": 0.0074948204184553885,
      "ic_ir": 0.1449438047534852,
      "hit_rate_ic": 0.015625,
      "total_return": 0.1818103992289637,
      "sharpe": 5.0390990366932185,
      "max_dd": -0.012787258804468413,
      "n_trades": 104,
      "win_rate": 0.5096153846153846,
      "median_return": 0.0020284409165972446,
      "market_return": -0.009033527894665438,
      "mean_ic_tradable": 0.01700745704985617,
      "n_skipped_rebalances": 0,
      "avg_candidates": 563.3846153846154
    },
    {
      "fold": 8,
      "period": "2024-03->2024-06",
      "train_rows": 544887,
      "test_rows": 39463,
      "mean_ic": 0.006938209857164365,
      "ic_ir": 0.16244507550256002,
      "hit_rate_ic": 0.015625,
      "total_return": 0.09957855077817057,
      "sharpe": 1.694377328766857,
      "max_dd": -0.04947530591153494,
      "n_trades": 104,
      "win_rate": 0.4230769230769231,
      "median_return": -0.008227955227955233,
      "market_return": -0.039196521966527176,
      "mean_ic_tradable": 0.024448326397549514,
      "n_skipped_rebalances": 0,
      "avg_candidates": 536.3846153846154
    },
    {
      "fold": 9,
      "period": "2024-06->2024-09",
      "train_rows": 584350,
      "test_rows": 39119,
      "mean_ic": 0.044085608453384835,
      "ic_ir": 1.0063399962028503,
      "hit_rate_ic": 0.015151515151515152,
      "total_return": 0.13910893999511043,
      "sharpe": 2.9888302111991787,
      "max_dd": -0.03145976468428039,
      "n_trades": 112,
      "win_rate": 0.4017857142857143,
      "median_return": -0.007862268482123225,
      "market_return": 0.059259259259259345,
      "mean_ic_tradable": 0.04805530651199505,
      "n_skipped_rebalances": 0,
      "avg_candidates": 519.5
    },
    {
      "fold": 10,
      "period": "2024-09->2025-01",
      "train_rows": 623469,
      "test_rows": 36632,
      "mean_ic": 0.034031932467551,
      "ic_ir": 0.58532440717178,
      "hit_rate_ic": 0.015384615384615385,
      "total_return": 0.1342642723906915,
      "sharpe": 2.5606512361974834,
      "max_dd": -0.0448932661133648,
      "n_trades": 104,
      "win_rate": 0.4423076923076923,
      "median_return": -0.006379616748590068,
      "market_return": 0.0,
      "mean_ic_tradable": 0.023195415292467506,
      "n_skipped_rebalances": 0,
      "avg_candidates": 505.0
    },
    {
      "fold": 11,
      "period": "2025-01->2025-04",
      "train_rows": 660101,
      "test_rows": 34000,
      "mean_ic": -0.04466938049746859,
      "ic_ir": -0.4443873121448138,
      "hit_rate_ic": 0.015625,
      "total_return": -0.15049758185072537,
      "sharpe": -3.975511491524832,
      "max_dd": -0.1889279004942028,
      "n_trades": 104,
      "win_rate": 0.22115384615384615,
      "median_return": -0.0364529505582137,
      "market_return": -0.19867053722518918,
      "mean_ic_tradable": -0.042030215776764676,
      "n_skipped_rebalances": 0,
      "avg_candidates": 480.0
    },
    {
      "fold": 12,
      "period": "2025-04->2025-07",
      "train_rows": 694101,
      "test_rows": 31528,
      "mean_ic": 0.06652303280596608,
      "ic_ir": 0.8432479804855025,
      "hit_rate_ic": 0.015873015873015872,
      "total_return": 0.19710877662003745,
      "sharpe": 5.886814226998312,
      "max_dd": -0.007419278574023022,
      "n_trades": 104,
      "win_rate": 0.5192307692307693,
      "median_return": 0.012837003141908401,
      "market_return": 0.18377409233527575,
      "mean_ic_tradable": 0.04961340420522343,