{
  "config_name": "v4_exit_pt25",
  "n_features": 0,
  "feat_cols": [],
  "aggregate": {
    "n_features": 0,
    "n_folds": 16,
    "mean_ic": 0.006469639837115945,
    "mean_ic_tradable": 0.008291537237994213,
    "ic_std": 0.04277799253387571,
    "mean_sharpe": 2.8735234381519255,
    "mean_return": 0.11136079692047902,
    "median_return": 0.14639975979803932,
    "mean_alpha": 0.11640213109990491,
    "mean_win_rate": 0.5147783251231527,
    "selectivity_median": 0.0035082686792443085,
    "folds_positive_ret": "14/16",
    "folds_positive_alpha": "14/16",
    "total_trades": 1624,
    "skipped_rebalances": 0
  },
  "folds": [
    {
      "fold": 1,
      "period": "2022-06->2022-09",
      "train_rows": 215868,
      "test_rows": 54053,
      "mean_ic": 0.04702670176508569,
      "ic_ir": 0.8163917034742714,
      "hit_rate_ic": 0.015151515151515152,
      "total_return": 0.2734372422739926,
      "sharpe": 6.852146218471895,
      "max_dd": -0.012246101427712968,
      "n_trades": 112,
      "win_rate": 0.5714285714285714,
      "median_return": 0.023115041990442137,
      "market_return": -0.04036560489565355,
      "mean_ic_tradable": 0.048856128626503216,
      "n_skipped_rebalances": 0,
      "avg_candidates": 754.6428571428571
    },
    {
      "fold": 2,
      "period": "2022-09->2022-12",
      "train_rows": 269921,
      "test_rows": 50790,
      "mean_ic": -0.07049516244918021,
      "ic_ir": -0.9560566774497874,
      "hit_rate_ic": 0.015384615384615385,
      "total_return": -0.10186587801811875,
      "sharpe": -3.9422000848060743,
      "max_dd": -0.10920130117403128,
      "n_trades": 104,
      "win_rate": 0.3269230769230769,
      "median_return": -0.02432782937736495,
      "market_return": -0.02117647058823524,
      "mean_ic_tradable": -0.048909130303544636,
      "n_skipped_rebalances": 0,
      "avg_candidates": 703.0
    },
    {
      "fold": 3,
      "period": "2022-12->2023-03",
      "train_rows": 320711,
      "test_rows": 47974,
      "mean_ic": 0.05883643335607296,
      "ic_ir": 0.992605971829821,
      "hit_rate_ic": 0.015625,
      "total_return": 0.15618033670323372,
      "sharpe": 3.827299405544082,
      "max_dd": -0.04220873797348484,
      "n_trades": 104,
      "win_rate": 0.6153846153846154,
      "median_return": 0.022699449356481848,
      "market_return": -0.02974239917186522,
      "mean_ic_tradable": 0.052274359147479396,
      "n_skipped_rebalances": 0,
      "avg_candidates": 673.5384615384615
    },
    {
      "fold": 4,
      "period": "2023-03->2023-06",
      "train_rows": 368685,
      "test_rows": 46785,
      "mean_ic": 0.02828537442862504,
      "ic_ir": 0.5068664707659047,
      "hit_rate_ic": 0.015384615384615385,
      "total_return": 0.19012277368034036,
      "sharpe": 6.956037154149123,
      "max_dd": -0.00939643745571956,
      "n_trades": 104,
      "win_rate": 0.6538461538461539,
      "median_return": 0.03137775538480914,
      "market_return": 0.02405498281786933,
      "mean_ic_tradable": 0.02072147816883522,
      "n_skipped_rebalances": 0,
      "avg_candidates": 639.6153846153846
    },
    {
      "fold": 5,
      "period": "2023-06->2023-09",
      "train_rows": 415470,
      "test_rows": 44784,
      "mean_ic": -0.06473126319614893,
      "ic_ir": -0.9005087460756391,
      "hit_rate_ic": 0.015384615384615385,
      "total_return": 0.04140173006477088,
      "sharpe": 1.2306692211391828,
      "max_dd": -0.08039334679856563,
      "n_trades": 104,
      "win_rate": 0.4807692307692308,
      "median_return": -0.007817305478087972,
      "market_return": -0.054512962513811436,
      "mean_ic_tradable": -0.056559609674558205,
      "n_skipped_rebalances": 0,
      "avg_candidates": 618.0769230769231
    },
    {
      "fold": 6,
      "period": "2023-09->2023-12",
      "train_rows": 460254,
      "test_rows": 43788,
      "mean_ic": 0.0032395525522281674,
      "ic_ir": 0.03560310457890855,
      "hit_rate_ic": 0.015151515151515152,
      "total_return": 0.13661918289284491,
      "sharpe": 3.2644912442860607,
      "max_dd": -0.04817984157998811,
      "n_trades": 112,
      "win_rate": 0.5267857142857143,
      "median_return": 0.030066154389683804,
      "market_return": 0.03455284552845517,
      "mean_ic_tradable": 0.017988676309620918,
      "n_skipped_rebalances": 0,
      "avg_candidates": 568.7142857142857
    },
    {
      "fold": 7,
      "period": "2023-12->2024-03",
      "train_rows": 504042,
      "test_rows": 40845,
      "mean_ic": 0.0074948204184553885,
      "ic_ir": 0.1449438047534852,
      "hit_rate_ic": 0.015625,
      "total_return": 0.1904698276288439,
      "sharpe": 5.539985871697224,
      "max_dd": -0.009843321400345223,
      "n_trades": 104,
      "win_rate": 0.5576923076923077,
      "median_return": 0.00790638240025373,
      "market_return": -0.009033527894665438,
      "mean_ic_tradable": 0.01700745704985617,
      "n_skipped_rebalances": 0,
      "avg_candidates": 563.3846153846154
    },
    {
      "fold": 8,
      "period": "2024-03->2024-06",
      "train_rows": 544887,
      "test_rows": 39463,
      "mean_ic": 0.006938209857164365,
      "ic_ir": 0.16244507550256002,
      "hit_rate_ic": 0.015625,
      "total_return": 0.05771625357224641,
      "sharpe": 1.115565793243441,
      "max_dd": -0.06289223669176229,
      "n_trades": 104,
      "win_rate": 0.4807692307692308,
      "median_return": -0.018258010737867366,
      "market_return": -0.039196521966527176,
      "mean_ic_tradable": 0.024448326397549514,
      "n_skipped_rebalances": 0,
      "avg_candidates": 536.3846153846154
    },
    {
      "fold": 9,
      "period": "2024-06->2024-09",
      "train_rows": 584350,
      "test_rows": 39119,
      "mean_ic": 0.044085608453384835,
      "ic_ir": 1.0063399962028503,
      "hit_rate_ic": 0.015151515151515152,
      "total_return": 0.19415202906261708,
      "sharpe": 4.100624405086125,
      "max_dd": -0.033900761382383605,
      "n_trades": 112,
      "win_rate": 0.5267857142857143,
      "median_return": 0.022313459592511294,
      "market_return": 0.059259259259259345,
      "mean_ic_tradable": 0.04805530651199505,
      "n_skipped_rebalances": 0,
      "avg_candidates": 519.5
    },
    {
      "fold": 10,
      "period": "2024-09->2025-01",
      "train_rows": 623469,
      "test_rows": 36632,
      "mean_ic": 0.034031932467551,
      "ic_ir": 0.58532440717178,
      "hit_rate_ic": 0.015384615384615385,
      "total_return": 0.18083823294680856,
      "sharpe": 3.716199108569846,
      "max_dd": -0.037755043828319505,
      "n_trades": 104,
      "win_rate": 0.5192307692307693,
      "median_return": 0.007063388964334189,
      "market_return": 0.0,
      "mean_ic_tradable": 0.023195415292467506,
      "n_skipped_rebalances": 0,
      "avg_candidates": 505.0
    },
    {
      "fold": 11,
      "period": "2025-01->2025-04",
      "train_rows": 660101,
      "test_rows": 34000,
      "mean_ic": -0.04466938049746859,
      "ic_ir": -0.4443873121448138,
      "hit_rate_ic": 0.015625,
      "total_return": -0.16522918340337367,
      "sharpe": -3.747690443912441,
      "max_dd": -0.21211250456856137,
      "n_trades": 104,
      "win_rate": 0.28846153846153844,
      "median_return": -0.10561537610832236,
      "market_return": -0.19867053722518918,
      "mean_ic_tradable": -0.042030215776764676,
      "n_skipped_rebalances": 0,
      "avg_candidates": 480.0
    },
    {
      "fold": 12,
      "period": "2025-04->2025-07",
      "train_rows": 694101,
      "test_rows": 31528,
      "mean_ic": 0.06652303280596608,
      "ic_ir": 0.8432479804855025,
      "hit_rate_ic": 0.015873015873015872,
      "total_return": 0.27399476311811544,
      "sharpe": 5.659376171836576,
      "max_dd": -0.013670176365179419,
      "n_trades": 104,
      "win_rate": 0.5961538461538461,
      "median_return": 0.08452284573861775,
      "market_return": 0.18377409233527575,
      "mean_ic_tradable": 0.04961340420522343,