{
  "config_name": "v4_exit_adaptive6_pt40",
  "n_features": 0,
  "feat_cols": [],
  "aggregate": {
    "n_features": 0,
    "n_folds": 16,
    "mean_ic": 0.006469639837115945,
    "mean_ic_tradable": 0.008291537237994213,
    "ic_std": 0.04277799253387571,
    "mean_sharpe": 2.730271937768853,
    "mean_return": 0.11096273360609038,
    "median_return": 0.11758848754216689,
    "mean_alpha": 0.11600406778551628,
    "mean_win_rate": 0.5966748768472906,
    "selectivity_median": 0.014343722578431074,
    "folds_positive_ret": "14/16",
    "folds_positive_alpha": "13/16",
    "total_trades": 1624,
    "skipped_rebalances": 0
  },
  "folds": [
    {
      "fold": 1,
      "period": "2022-06->2022-09",
      "train_rows": 215868,
      "test_rows": 54053,
      "mean_ic": 0.04702670176508569,
      "ic_ir": 0.8163917034742714,
      "hit_rate_ic": 0.015151515151515152,
      "total_return": 0.2969446382978109,
      "sharpe": 8.216207993504995,
      "max_dd": -0.005925032408717981,
      "n_trades": 112,
      "win_rate": 0.6785714285714286,
      "median_return": 0.04835108830782947,
      "market_return": -0.04036560489565355,
      "mean_ic_tradable": 0.048856128626503216,
      "n_skipped_rebalances": 0,
      "avg_candidates": 754.6428571428571
    },
    {
      "fold": 2,
      "period": "2022-09->2022-12",
      "train_rows": 269921,
      "test_rows": 50790,
      "mean_ic": -0.07049516244918021,
      "ic_ir": -0.9560566774497874,
      "hit_rate_ic": 0.015384615384615385,
      "total_return": -0.11729636346630912,
      "sharpe": -5.286250633454887,
      "max_dd": -0.10882319607384723,
      "n_trades": 104,
      "win_rate": 0.36538461538461536,
      "median_return": -0.022381938474189816,
      "market_return": -0.02117647058823524,
      "mean_ic_tradable": -0.048909130303544636,
      "n_skipped_rebalances": 0,
      "avg_candidates": 703.0
    },
    {
      "fold": 3,
      "period": "2022-12->2023-03",
      "train_rows": 320711,
      "test_rows": 47974,
      "mean_ic": 0.05883643335607296,
      "ic_ir": 0.992605971829821,
      "hit_rate_ic": 0.015625,
      "total_return": 0.1293766873044473,
      "sharpe": 3.228488415011321,
      "max_dd": -0.0480735094726806,
      "n_trades": 104,
      "win_rate": 0.6634615384615384,
      "median_return": 0.01747656454569261,
      "market_return": -0.02974239917186522,
      "mean_ic_tradable": 0.052274359147479396,
      "n_skipped_rebalances": 0,
      "avg_candidates": 673.5384615384615
    },
    {
      "fold": 4,
      "period": "2023-03->2023-06",
      "train_rows": 368685,
      "test_rows": 46785,
      "mean_ic": 0.02828537442862504,
      "ic_ir": 0.5068664707659047,
      "hit_rate_ic": 0.015384615384615385,
      "total_return": 0.343908348663128,
      "sharpe": 6.0019282245555505,
      "max_dd": -0.00939643745571952,
      "n_trades": 104,
      "win_rate": 0.7596153846153846,
      "median_return": 0.041525789868884604,
      "market_return": 0.02405498281786933,
      "mean_ic_tradable": 0.02072147816883522,
      "n_skipped_rebalances": 0,
      "avg_candidates": 639.6153846153846
    },
    {
      "fold": 5,
      "period": "2023-06->2023-09",
      "train_rows": 415470,
      "test_rows": 44784,
      "mean_ic": -0.06473126319614893,
      "ic_ir": -0.9005087460756391,
      "hit_rate_ic": 0.015384615384615385,
      "total_return": 0.04079849342751096,
      "sharpe": 1.288794664567667,
      "max_dd": -0.07080765212763658,
      "n_trades": 104,
      "win_rate": 0.5384615384615384,
      "median_return": 0.0018478786363257116,
      "market_return": -0.054512962513811436,
      "mean_ic_tradable": -0.056559609674558205,
      "n_skipped_rebalances": 0,
      "avg_candidates": 618.0769230769231
    },
    {
      "fold": 6,
      "period": "2023-09->2023-12",
      "train_rows": 460254,
      "test_rows": 43788,
      "mean_ic": 0.0032395525522281674,
      "ic_ir": 0.03560310457890855,
      "hit_rate_ic": 0.015151515151515152,
      "total_return": 0.08380201115049712,
      "sharpe": 2.554034235698607,
      "max_dd": -0.04487412037085661,
      "n_trades": 112,
      "win_rate": 0.5982142857142857,
      "median_return": 0.038356868432532484,
      "market_return": 0.03455284552845517,
      "mean_ic_tradable": 0.017988676309620918,
      "n_skipped_rebalances": 0,
      "avg_candidates": 568.7142857142857
    },
    {
      "fold": 7,
      "period": "2023-12->2024-03",
      "train_rows": 504042,
      "test_rows": 40845,
      "mean_ic": 0.0074948204184553885,
      "ic_ir": 0.1449438047534852,
      "hit_rate_ic": 0.015625,
      "total_return": 0.13752806774553994,
      "sharpe": 4.977163327215325,
      "max_dd": -0.009217923332372226,
      "n_trades": 104,
      "win_rate": 0.5865384615384616,
      "median_return": 0.009120573355817936,
      "market_return": -0.009033527894665438,
      "mean_ic_tradable": 0.01700745704985617,
      "n_skipped_rebalances": 0,
      "avg_candidates": 563.3846153846154
    },
    {
      "fold": 8,
      "period": "2024-03->2024-06",
      "train_rows": 544887,
      "test_rows": 39463,
      "mean_ic": 0.006938209857164365,
      "ic_ir": 0.16244507550256002,
      "hit_rate_ic": 0.015625,
      "total_return": 0.10580028777988648,
      "sharpe": 1.8604716237848922,
      "max_dd": -0.047744530030663375,
      "n_trades": 104,
      "win_rate": 0.5576923076923077,
      "median_return": 0.02350341501684433,
      "market_return": -0.039196521966527176,
      "mean_ic_tradable": 0.024448326397549514,
      "n_skipped_rebalances": 0,
      "avg_candidates": 536.3846153846154
    },
    {
      "fold": 9,
      "period": "2024-06->2024-09",
      "train_rows": 584350,
      "test_rows": 39119,
      "mean_ic": 0.044085608453384835,
      "ic_ir": 1.0063399962028503,
      "hit_rate_ic": 0.015151515151515152,
      "total_return": 0.13096161034036014,
      "sharpe": 3.087708144240954,
      "max_dd": -0.024744935988339874,
      "n_trades": 112,
      "win_rate": 0.5982142857142857,
      "median_return": 0.024090650424576466,
      "market_return": 0.059259259259259345,
      "mean_ic_tradable": 0.04805530651199505,
      "n_skipped_rebalances": 0,
      "avg_candidates": 519.5
    },
    {
      "fold": 10,
      "period": "2024-09->2025-01",
      "train_rows": 623469,
      "test_rows": 36632,
      "mean_ic": 0.034031932467551,
      "ic_ir": 0.58532440717178,
      "hit_rate_ic": 0.015384615384615385,
      "total_return": 0.18747051955825444,
      "sharpe": 3.640278887021047,
      "max_dd": -0.02973389674493391,
      "n_trades": 104,
      "win_rate": 0.5961538461538461,
      "median_return": 0.024077661660958427,
      "market_return": 0.0,
      "mean_ic_tradable": 0.023195415292467506,
      "n_skipped_rebalances": 0,
      "avg_candidates": 505.0
    },
    {
      "fold": 11,
      "period": "2025-01->2025-04",
      "train_rows": 660101,
      "test_rows": 34000,
      "mean_ic": -0.04466938049746859,
      "ic_ir": -0.4443873121448138,
      "hit_rate_ic": 0.015625,
      "total_return": -0.10265070717288771,
      "sharpe": -2.512519957406019,
      "max_dd": -0.15141825561606295,
      "n_trades": 104,
      "win_rate": 0.4230769230769231,
      "median_return": -0.07287590898819378,
      "market_return": -0.19867053722518918,
      "mean_ic_tradable": -0.042030215776764676,
      "n_skipped_rebalances": 0,
      "avg_candidates": 480.0
    },
    {
      "fold": 12,
      "period": "2025-04->2025-07",
      "train_rows": 694101,
      "test_rows": 31528,
      "mean_ic": 0.06652303280596608,
      "ic_ir": 0.8432479804855025,
      "hit_rate_ic": 0.015873015873015872,
      "total_return": 0.18164708559093468,
      "sharpe": 4.158000872628185,
      "max_dd": -0.03143537885487354,
      "n_trades": 104,
      "win_rate": 0.6538461538461539,
      "median_return": 0.03814382953536545,
      "market_return": 0.18377409233527575,
      "mean_ic_tradable": 0.04961340420522343,