{
  "config_name": "v4_exit_adaptive6_ts15",
  "n_features": 0,
  "feat_cols": [],
  "aggregate": {
    "n_features": 0,
    "n_folds": 16,
    "mean_ic": 0.006469639837115945,
    "mean_ic_tradable": 0.008291537237994213,
    "ic_std": 0.04277799253387571,
    "mean_sharpe": 2.3398881644075153,
    "mean_return": 0.09698477553302717,
    "median_return": 0.08857772089501592,
    "mean_alpha": 0.10202610971245306,
    "mean_win_rate": 0.5818965517241379,
    "selectivity_median": 0.011073334255176176,
    "folds_positive_ret": "14/16",
    "folds_positive_alpha": "14/16",
    "total_trades": 1624,
    "skipped_rebalances": 0
  },
  "folds": [
    {
      "fold": 1,
      "period": "2022-06->2022-09",
      "train_rows": 215868,
      "test_rows": 54053,
      "mean_ic": 0.04702670176508569,
      "ic_ir": 0.8163917034742714,
      "hit_rate_ic": 0.015151515151515152,
      "total_return": 0.25666004533357634,
      "sharpe": 7.184708564722084,
      "max_dd": -0.0031879194676584003,
      "n_trades": 112,
      "win_rate": 0.6607142857142857,
      "median_return": 0.0324981414259652,
      "market_return": -0.04036560489565355,
      "mean_ic_tradable": 0.048856128626503216,
      "n_skipped_rebalances": 0,
      "avg_candidates": 754.6428571428571
    },
    {
      "fold": 2,
      "period": "2022-09->2022-12",
      "train_rows": 269921,
      "test_rows": 50790,
      "mean_ic": -0.07049516244918021,
      "ic_ir": -0.9560566774497874,
      "hit_rate_ic": 0.015384615384615385,
      "total_return": -0.11739866273573285,
      "sharpe": -6.639172567044347,
      "max_dd": -0.10676421399765437,
      "n_trades": 104,
      "win_rate": 0.38461538461538464,
      "median_return": -0.015221220174972882,
      "market_return": -0.02117647058823524,
      "mean_ic_tradable": -0.048909130303544636,
      "n_skipped_rebalances": 0,
      "avg_candidates": 703.0
    },
    {
      "fold": 3,
      "period": "2022-12->2023-03",
      "train_rows": 320711,
      "test_rows": 47974,
      "mean_ic": 0.05883643335607296,
      "ic_ir": 0.992605971829821,
      "hit_rate_ic": 0.015625,
      "total_return": 0.15206389100114026,
      "sharpe": 3.271789704052833,
      "max_dd": -0.0534564143455812,
      "n_trades": 104,
      "win_rate": 0.625,
      "median_return": 0.011898870793219168,
      "market_return": -0.02974239917186522,
      "mean_ic_tradable": 0.052274359147479396,
      "n_skipped_rebalances": 0,
      "avg_candidates": 673.5384615384615
    },
    {
      "fold": 4,
      "period": "2023-03->2023-06",
      "train_rows": 368685,
      "test_rows": 46785,
      "mean_ic": 0.02828537442862504,
      "ic_ir": 0.5068664707659047,
      "hit_rate_ic": 0.015384615384615385,
      "total_return": 0.3500564082058264,
      "sharpe": 4.877999095222952,
      "max_dd": -0.009382381550713198,
      "n_trades": 104,
      "win_rate": 0.6826923076923077,
      "median_return": 0.03201516404742214,
      "market_return": 0.02405498281786933,
      "mean_ic_tradable": 0.02072147816883522,
      "n_skipped_rebalances": 0,
      "avg_candidates": 639.6153846153846
    },
    {
      "fold": 5,
      "period": "2023-06->2023-09",
      "train_rows": 415470,
      "test_rows": 44784,
      "mean_ic": -0.06473126319614893,
      "ic_ir": -0.9005087460756391,
      "hit_rate_ic": 0.015384615384615385,
      "total_return": 0.0204616591560014,
      "sharpe": 0.8075683186294149,
      "max_dd": -0.07924108875787526,
      "n_trades": 104,
      "win_rate": 0.47115384615384615,
      "median_return": -0.0022590079462785073,
      "market_return": -0.054512962513811436,
      "mean_ic_tradable": -0.056559609674558205,
      "n_skipped_rebalances": 0,
      "avg_candidates": 618.0769230769231
    },
    {
      "fold": 6,
      "period": "2023-09->2023-12",
      "train_rows": 460254,
      "test_rows": 43788,
      "mean_ic": 0.0032395525522281674,
      "ic_ir": 0.03560310457890855,
      "hit_rate_ic": 0.015151515151515152,
      "total_return": 0.04980571203116213,
      "sharpe": 1.645762713124735,
      "max_dd": -0.058338315674745456,
      "n_trades": 112,
      "win_rate": 0.5892857142857143,
      "median_return": 0.022078681080975795,
      "market_return": 0.03455284552845517,
      "mean_ic_tradable": 0.017988676309620918,
      "n_skipped_rebalances": 0,
      "avg_candidates": 568.7142857142857
    },
    {
      "fold": 7,
      "period": "2023-12->2024-03",
      "train_rows": 504042,
      "test_rows": 40845,
      "mean_ic": 0.0074948204184553885,
      "ic_ir": 0.1449438047534852,
      "hit_rate_ic": 0.015625,
      "total_return": 0.1574385544092758,
      "sharpe": 4.979066208829254,
      "max_dd": -0.00980949535087948,
      "n_trades": 104,
      "win_rate": 0.6442307692307693,
      "median_return": 0.009407611693325955,
      "market_return": -0.009033527894665438,
      "mean_ic_tradable": 0.01700745704985617,
      "n_skipped_rebalances": 0,
      "avg_candidates": 563.3846153846154
    },
    {
      "fold": 8,
      "period": "2024-03->2024-06",
      "train_rows": 544887,
      "test_rows": 39463,
      "mean_ic": 0.006938209857164365,
      "ic_ir": 0.16244507550256002,
      "hit_rate_ic": 0.015625,
      "total_return": 0.05551313439100625,
      "sharpe": 0.9463440972729201,
      "max_dd": -0.05288959398739904,
      "n_trades": 104,
      "win_rate": 0.5384615384615384,
      "median_return": 0.008883339130084083,
      "market_return": -0.039196521966527176,
      "mean_ic_tradable": 0.024448326397549514,
      "n_skipped_rebalances": 0,
      "avg_candidates": 536.3846153846154
    },
    {
      "fold": 9,
      "period": "2024-06->2024-09",
      "train_rows": 584350,
      "test_rows": 39119,
      "mean_ic": 0.044085608453384835,
      "ic_ir": 1.0063399962028503,
      "hit_rate_ic": 0.015151515151515152,
      "total_return": 0.1216423073990256,
      "sharpe": 3.0667089592095125,
      "max_dd": -0.028069154379995197,
      "n_trades": 112,
      "win_rate": 0.5982142857142857,
      "median_return": 0.020248075166383925,
      "market_return": 0.059259259259259345,
      "mean_ic_tradable": 0.04805530651199505,
      "n_skipped_rebalances": 0,
      "avg_candidates": 519.5
    },
    {
      "fold": 10,
      "period": "2024-09->2025-01",
      "train_rows": 623469,
      "test_rows": 36632,
      "mean_ic": 0.034031932467551,
      "ic_ir": 0.58532440717178,
      "hit_rate_ic": 0.015384615384615385,
      "total_return": 0.15325996202334213,
      "sharpe": 3.1699491890907376,
      "max_dd": -0.0343850435353031,
      "n_trades": 104,
      "win_rate": 0.5769230769230769,
      "median_return": 0.023456454295400754,
      "market_return": 0.0,
      "mean_ic_tradable": 0.023195415292467506,
      "n_skipped_rebalances": 0,
      "avg_candidates": 505.0
    },
    {
      "fold": 11,
      "period": "2025-01->2025-04",
      "train_rows": 660101,
      "test_rows": 34000,
      "mean_ic": -0.04466938049746859,
      "ic_ir": -0.4443873121448138,
      "hit_rate_ic": 0.015625,
      "total_return": -0.1089873512920918,
      "sharpe": -2.7766712531990176,
      "max_dd": -0.1573180446464419,
      "n_trades": 104,
      "win_rate": 0.4519230769230769,
      "median_return": -0.05586875073748107,
      "market_return": -0.19867053722518918,
      "mean_ic_tradable": -0.042030215776764676,
      "n_skipped_rebalances": 0,
      "avg_candidates": 480.0
    },
    {
      "fold": 12,
      "period": "2025-04->2025-07",
      "train_rows": 694101,
      "test_rows": 31528,
      "mean_ic": 0.06652303280596608,
      "ic_ir": 0.8432479804855025,
      "hit_rate_ic": 0.015873015873015872,
      "total_return": 0.15234070444215897,
      "sharpe": 4.151604275705591,
      "max_dd": -0.03079890836006872,
      "n_trades": 104,
      "win_rate": 0.6634615384615384,
      "median_return": 0.042127038916211355,
      "market_return": 0.18377409233527575,
      "mean_ic_tradable": 0.04961340420522343,