{
  "config_name": "v4_exit_baseline_trail",
  "n_features": 0,
  "feat_cols": [],
  "aggregate": {
    "n_features": 0,
    "n_folds": 16,
    "mean_ic": 0.006469639837115945,
    "mean_ic_tradable": 0.008291537237994213,
    "ic_std": 0.04277799253387571,
    "mean_sharpe": 2.515257485211296,
    "mean_return": 0.1271480569893007,
    "median_return": 0.12620957336534178,
    "mean_alpha": 0.13218939116872658,
    "mean_win_rate": 0.5129310344827587,
    "selectivity_median": -0.0003417220623482557,
    "folds_positive_ret": "14/16",
    "folds_positive_alpha": "14/16",
    "total_trades": 1624,
    "skipped_rebalances": 0
  },
  "folds": [
    {
      "fold": 1,
      "period": "2022-06->2022-09",
      "train_rows": 215868,
      "test_rows": 54053,
      "mean_ic": 0.04702670176508569,
      "ic_ir": 0.8163917034742714,
      "hit_rate_ic": 0.015151515151515152,
      "total_return": 0.3134929753586895,
      "sharpe": 6.758468141335967,
      "max_dd": -0.012246101427713008,
      "n_trades": 112,
      "win_rate": 0.5714285714285714,
      "median_return": 0.023115041990442137,
      "market_return": -0.04036560489565355,
      "mean_ic_tradable": 0.048856128626503216,
      "n_skipped_rebalances": 0,
      "avg_candidates": 754.6428571428571
    },
    {
      "fold": 2,
      "period": "2022-09->2022-12",
      "train_rows": 269921,
      "test_rows": 50790,
      "mean_ic": -0.07049516244918021,
      "ic_ir": -0.9560566774497874,
      "hit_rate_ic": 0.015384615384615385,
      "total_return": -0.1263027268977891,
      "sharpe": -5.28966912022784,
      "max_dd": -0.12131905338464713,
      "n_trades": 104,
      "win_rate": 0.3269230769230769,
      "median_return": -0.02432782937736495,
      "market_return": -0.02117647058823524,
      "mean_ic_tradable": -0.048909130303544636,
      "n_skipped_rebalances": 0,
      "avg_candidates": 703.0
    },
    {
      "fold": 3,
      "period": "2022-12->2023-03",
      "train_rows": 320711,
      "test_rows": 47974,
      "mean_ic": 0.05883643335607296,
      "ic_ir": 0.992605971829821,
      "hit_rate_ic": 0.015625,
      "total_return": 0.21832783814658052,
      "sharpe": 4.049023414460785,
      "max_dd": -0.04220873797348478,
      "n_trades": 104,
      "win_rate": 0.6153846153846154,
      "median_return": 0.022699449356481848,
      "market_return": -0.02974239917186522,
      "mean_ic_tradable": 0.052274359147479396,
      "n_skipped_rebalances": 0,
      "avg_candidates": 673.5384615384615
    },
    {
      "fold": 4,
      "period": "2023-03->2023-06",
      "train_rows": 368685,
      "test_rows": 46785,
      "mean_ic": 0.02828537442862504,
      "ic_ir": 0.5068664707659047,
      "hit_rate_ic": 0.015384615384615385,
      "total_return": 0.4310499057705095,
      "sharpe": 5.791221749461765,
      "max_dd": -0.009396437455719489,
      "n_trades": 104,
      "win_rate": 0.6538461538461539,
      "median_return": 0.03137775538480914,
      "market_return": 0.02405498281786933,
      "mean_ic_tradable": 0.02072147816883522,
      "n_skipped_rebalances": 0,
      "avg_candidates": 639.6153846153846
    },
    {
      "fold": 5,
      "period": "2023-06->2023-09",
      "train_rows": 415470,
      "test_rows": 44784,
      "mean_ic": -0.06473126319614893,
      "ic_ir": -0.9005087460756391,
      "hit_rate_ic": 0.015384615384615385,
      "total_return": 0.031185033773764248,
      "sharpe": 0.9729754976768827,
      "max_dd": -0.09268452900404847,
      "n_trades": 104,
      "win_rate": 0.4807692307692308,
      "median_return": -0.007817305478087972,
      "market_return": -0.054512962513811436,
      "mean_ic_tradable": -0.056559609674558205,
      "n_skipped_rebalances": 0,
      "avg_candidates": 618.0769230769231
    },
    {
      "fold": 6,
      "period": "2023-09->2023-12",
      "train_rows": 460254,
      "test_rows": 43788,
      "mean_ic": 0.0032395525522281674,
      "ic_ir": 0.03560310457890855,
      "hit_rate_ic": 0.015151515151515152,
      "total_return": 0.10912071728537187,
      "sharpe": 2.488637018789645,
      "max_dd": -0.06967364613446368,
      "n_trades": 112,
      "win_rate": 0.5267857142857143,
      "median_return": 0.024367262578405227,
      "market_return": 0.03455284552845517,
      "mean_ic_tradable": 0.017988676309620918,
      "n_skipped_rebalances": 0,
      "avg_candidates": 568.7142857142857
    },
    {
      "fold": 7,
      "period": "2023-12->2024-03",
      "train_rows": 504042,
      "test_rows": 40845,
      "mean_ic": 0.0074948204184553885,
      "ic_ir": 0.1449438047534852,
      "hit_rate_ic": 0.015625,
      "total_return": 0.22981712607682359,
      "sharpe": 6.32359047583214,
      "max_dd": -0.006850378737369464,
      "n_trades": 104,
      "win_rate": 0.5576923076923077,
      "median_return": 0.00790638240025373,
      "market_return": -0.009033527894665438,
      "mean_ic_tradable": 0.01700745704985617,
      "n_skipped_rebalances": 0,
      "avg_candidates": 563.3846153846154
    },
    {
      "fold": 8,
      "period": "2024-03->2024-06",
      "train_rows": 544887,
      "test_rows": 39463,
      "mean_ic": 0.006938209857164365,
      "ic_ir": 0.16244507550256002,
      "hit_rate_ic": 0.015625,
      "total_return": 0.06313799046592594,
      "sharpe": 0.9062246600299987,
      "max_dd": -0.07951021732403937,
      "n_trades": 104,
      "win_rate": 0.47115384615384615,
      "median_return": -0.03241070211458124,
      "market_return": -0.039196521966527176,
      "mean_ic_tradable": 0.024448326397549514,
      "n_skipped_rebalances": 0,
      "avg_candidates": 536.3846153846154
    },
    {
      "fold": 9,
      "period": "2024-06->2024-09",
      "train_rows": 584350,
      "test_rows": 39119,
      "mean_ic": 0.044085608453384835,
      "ic_ir": 1.0063399962028503,
      "hit_rate_ic": 0.015151515151515152,
      "total_return": 0.18590163413877625,
      "sharpe": 3.701829949807187,
      "max_dd": -0.026839856990825355,
      "n_trades": 112,
      "win_rate": 0.5178571428571429,
      "median_return": 0.008626344086021457,
      "market_return": 0.059259259259259345,
      "mean_ic_tradable": 0.04805530651199505,
      "n_skipped_rebalances": 0,
      "avg_candidates": 519.5
    },
    {
      "fold": 10,
      "period": "2024-09->2025-01",
      "train_rows": 623469,
      "test_rows": 36632,
      "mean_ic": 0.034031932467551,
      "ic_ir": 0.58532440717178,
      "hit_rate_ic": 0.015384615384615385,
      "total_return": 0.14329842944531168,
      "sharpe": 2.6612130582888516,
      "max_dd": -0.04108493789031827,
      "n_trades": 104,
      "win_rate": 0.5192307692307693,
      "median_return": 0.006006788849026369,
      "market_return": 0.0,
      "mean_ic_tradable": 0.023195415292467506,
      "n_skipped_rebalances": 0,
      "avg_candidates": 505.0
    },
    {
      "fold": 11,
      "period": "2025-01->2025-04",
      "train_rows": 660101,
      "test_rows": 34000,
      "mean_ic": -0.04466938049746859,
      "ic_ir": -0.4443873121448138,
      "hit_rate_ic": 0.015625,
      "total_return": -0.189453630814993,
      "sharpe": -5.0077727205675115,
      "max_dd": -0.22118791376251787,
      "n_trades": 104,
      "win_rate": 0.28846153846153844,
      "median_return": -0.10561537610832236,
      "market_return": -0.19867053722518918,
      "mean_ic_tradable": -0.042030215776764676,
      "n_skipped_rebalances": 0,
      "avg_candidates": 480.0
    },
    {
      "fold": 12,
      "period": "2025-04->2025-07",
      "train_rows": 694101,
      "test_rows": 31528,
      "mean_ic": 0.06652303280596608,
      "ic_ir": 0.8432479804855025,
      "hit_rate_ic": 0.015873015873015872,
      "total_return": 0.2506219166789543,
      "sharpe": 5.938460681869726,
      "max_dd": -0.009777769140060769,
      "n_trades": 104,
      "win_rate": 0.5865384615384616,
      "median_return": 0.05751829268292685,
      "market_return": 0.18377409233527575,
      "mean_ic_tradable": 0.04961340420522343,