{
  "config_name": "v4_exit_adaptive6_d8",
  "n_features": 0,
  "feat_cols": [],
  "aggregate": {
    "n_features": 0,
    "n_folds": 16,
    "mean_ic": 0.006469639837115945,
    "mean_ic_tradable": 0.008291537237994213,
    "ic_std": 0.04277799253387571,
    "mean_sharpe": 2.570952639577626,
    "mean_return": 0.1131763562971609,
    "median_return": 0.13464391765807693,
    "mean_alpha": 0.11821769047658678,
    "mean_win_rate": 0.5782019704433498,
    "selectivity_median": 0.01220629029727817,
    "folds_positive_ret": "14/16",
    "folds_positive_alpha": "14/16",
    "total_trades": 1624,
    "skipped_rebalances": 0
  },
  "folds": [
    {
      "fold": 1,
      "period": "2022-06->2022-09",
      "train_rows": 215868,
      "test_rows": 54053,
      "mean_ic": 0.04702670176508569,
      "ic_ir": 0.8163917034742714,
      "hit_rate_ic": 0.015151515151515152,
      "total_return": 0.2961835847445764,
      "sharpe": 7.571802853283686,
      "max_dd": -0.005925032408718008,
      "n_trades": 112,
      "win_rate": 0.6607142857142857,
      "median_return": 0.042330353760650447,
      "market_return": -0.04036560489565355,
      "mean_ic_tradable": 0.048856128626503216,
      "n_skipped_rebalances": 0,
      "avg_candidates": 754.6428571428571
    },
    {
      "fold": 2,
      "period": "2022-09->2022-12",
      "train_rows": 269921,
      "test_rows": 50790,
      "mean_ic": -0.07049516244918021,
      "ic_ir": -0.9560566774497874,
      "hit_rate_ic": 0.015384615384615385,
      "total_return": -0.11758757083222804,
      "sharpe": -5.423077817262956,
      "max_dd": -0.11639220588981102,
      "n_trades": 104,
      "win_rate": 0.3557692307692308,
      "median_return": -0.023004695693806622,
      "market_return": -0.02117647058823524,
      "mean_ic_tradable": -0.048909130303544636,
      "n_skipped_rebalances": 0,
      "avg_candidates": 703.0
    },
    {
      "fold": 3,
      "period": "2022-12->2023-03",
      "train_rows": 320711,
      "test_rows": 47974,
      "mean_ic": 0.05883643335607296,
      "ic_ir": 0.992605971829821,
      "hit_rate_ic": 0.015625,
      "total_return": 0.1699887912236322,
      "sharpe": 3.426910412978586,
      "max_dd": -0.04829105152123702,
      "n_trades": 104,
      "win_rate": 0.6538461538461539,
      "median_return": 0.015879537746514193,
      "market_return": -0.02974239917186522,
      "mean_ic_tradable": 0.052274359147479396,
      "n_skipped_rebalances": 0,
      "avg_candidates": 673.5384615384615
    },
    {
      "fold": 4,
      "period": "2023-03->2023-06",
      "train_rows": 368685,
      "test_rows": 46785,
      "mean_ic": 0.02828537442862504,
      "ic_ir": 0.5068664707659047,
      "hit_rate_ic": 0.015384615384615385,
      "total_return": 0.37571122299398896,
      "sharpe": 5.305442857344886,
      "max_dd": -0.009396437455719503,
      "n_trades": 104,
      "win_rate": 0.7403846153846154,
      "median_return": 0.038652226650493796,
      "market_return": 0.02405498281786933,
      "mean_ic_tradable": 0.02072147816883522,
      "n_skipped_rebalances": 0,
      "avg_candidates": 639.6153846153846
    },
    {
      "fold": 5,
      "period": "2023-06->2023-09",
      "train_rows": 415470,
      "test_rows": 44784,
      "mean_ic": -0.06473126319614893,
      "ic_ir": -0.9005087460756391,
      "hit_rate_ic": 0.015384615384615385,
      "total_return": 0.028435515360474506,
      "sharpe": 0.9793369654608581,
      "max_dd": -0.0809558252402475,
      "n_trades": 104,
      "win_rate": 0.5384615384615384,
      "median_return": 0.002504735108921219,
      "market_return": -0.054512962513811436,
      "mean_ic_tradable": -0.056559609674558205,
      "n_skipped_rebalances": 0,
      "avg_candidates": 618.0769230769231
    },
    {
      "fold": 6,
      "period": "2023-09->2023-12",
      "train_rows": 460254,
      "test_rows": 43788,
      "mean_ic": 0.0032395525522281674,
      "ic_ir": 0.03560310457890855,
      "hit_rate_ic": 0.015151515151515152,
      "total_return": 0.07615668110304297,
      "sharpe": 2.3577130074712582,
      "max_dd": -0.05165716469581451,
      "n_trades": 112,
      "win_rate": 0.5803571428571429,
      "median_return": 0.040625572834497845,
      "market_return": 0.03455284552845517,
      "mean_ic_tradable": 0.017988676309620918,
      "n_skipped_rebalances": 0,
      "avg_candidates": 568.7142857142857
    },
    {
      "fold": 7,
      "period": "2023-12->2024-03",
      "train_rows": 504042,
      "test_rows": 40845,
      "mean_ic": 0.0074948204184553885,
      "ic_ir": 0.1449438047534852,
      "hit_rate_ic": 0.015625,
      "total_return": 0.16294064863413338,
      "sharpe": 4.941136958483277,
      "max_dd": -0.005686632844707849,
      "n_trades": 104,
      "win_rate": 0.5769230769230769,
      "median_return": 0.008674198014838853,
      "market_return": -0.009033527894665438,
      "mean_ic_tradable": 0.01700745704985617,
      "n_skipped_rebalances": 0,
      "avg_candidates": 563.3846153846154
    },
    {
      "fold": 8,
      "period": "2024-03->2024-06",
      "train_rows": 544887,
      "test_rows": 39463,
      "mean_ic": 0.006938209857164365,
      "ic_ir": 0.16244507550256002,
      "hit_rate_ic": 0.015625,
      "total_return": 0.12204381926795449,
      "sharpe": 1.9620366437968024,
      "max_dd": -0.04053928298334364,
      "n_trades": 104,
      "win_rate": 0.5384615384615384,
      "median_return": 0.016360449558469395,
      "market_return": -0.039196521966527176,
      "mean_ic_tradable": 0.024448326397549514,
      "n_skipped_rebalances": 0,
      "avg_candidates": 536.3846153846154
    },
    {
      "fold": 9,
      "period": "2024-06->2024-09",
      "train_rows": 584350,
      "test_rows": 39119,
      "mean_ic": 0.044085608453384835,
      "ic_ir": 1.0063399962028503,
      "hit_rate_ic": 0.015151515151515152,
      "total_return": 0.14724401604819937,
      "sharpe": 3.3674367604571174,
      "max_dd": -0.02631006682101606,
      "n_trades": 112,
      "win_rate": 0.5714285714285714,
      "median_return": 0.022313459592511294,
      "market_return": 0.059259259259259345,
      "mean_ic_tradable": 0.04805530651199505,
      "n_skipped_rebalances": 0,
      "avg_candidates": 519.5
    },
    {
      "fold": 10,
      "period": "2024-09->2025-01",
      "train_rows": 623469,
      "test_rows": 36632,
      "mean_ic": 0.034031932467551,
      "ic_ir": 0.58532440717178,
      "hit_rate_ic": 0.015384615384615385,
      "total_return": 0.17085143041676343,
      "sharpe": 3.304925426352187,
      "max_dd": -0.03154306357204562,
      "n_trades": 104,
      "win_rate": 0.5769230769230769,
      "median_return": 0.020608152842714722,
      "market_return": 0.0,
      "mean_ic_tradable": 0.023195415292467506,
      "n_skipped_rebalances": 0,
      "avg_candidates": 505.0
    },
    {
      "fold": 11,
      "period": "2025-01->2025-04",
      "train_rows": 660101,
      "test_rows": 34000,
      "mean_ic": -0.04466938049746859,
      "ic_ir": -0.4443873121448138,
      "hit_rate_ic": 0.015625,
      "total_return": -0.1487325584385406,
      "sharpe": -3.7665039272529253,
      "max_dd": -0.18849299482989443,
      "n_trades": 104,
      "win_rate": 0.36538461538461536,
      "median_return": -0.09267224831529505,
      "market_return": -0.19867053722518918,
      "mean_ic_tradable": -0.042030215776764676,
      "n_skipped_rebalances": 0,
      "avg_candidates": 480.0
    },
    {
      "fold": 12,
      "period": "2025-04->2025-07",
      "train_rows": 694101,
      "test_rows": 31528,
      "mean_ic": 0.06652303280596608,
      "ic_ir": 0.8432479804855025,
      "hit_rate_ic": 0.015873015873015872,
      "total_return": 0.19392488265752883,
      "sharpe": 4.63211578605483,
      "max_dd": -0.03190676377721379,
      "n_trades": 104,
      "win_rate": 0.6538461538461539,
      "median_return": 0.04397292991611422,
      "market_return": 0.18377409233527575,
      "mean_ic_tradable": 0.04961340420522343,