{
  "config_name": "v4_exit_adaptive8_d5",
  "n_features": 0,
  "feat_cols": [],
  "aggregate": {
    "n_features": 0,
    "n_folds": 16,
    "mean_ic": 0.006469639837115945,
    "mean_ic_tradable": 0.008291537237994213,
    "ic_std": 0.04277799253387571,
    "mean_sharpe": 2.5344758536425402,
    "mean_return": 0.11907773902230971,
    "median_return": 0.11599803554354127,
    "mean_alpha": 0.1241190732017356,
    "mean_win_rate": 0.5640394088669951,
    "selectivity_median": 0.009458739363835964,
    "folds_positive_ret": "14/16",
    "folds_positive_alpha": "14/16",
    "total_trades": 1624,
    "skipped_rebalances": 0
  },
  "folds": [
    {
      "fold": 1,
      "period": "2022-06->2022-09",
      "train_rows": 215868,
      "test_rows": 54053,
      "mean_ic": 0.04702670176508569,
      "ic_ir": 0.8163917034742714,
      "hit_rate_ic": 0.015151515151515152,
      "total_return": 0.29096343766171207,
      "sharpe": 6.992630645454107,
      "max_dd": -0.012783803856862815,
      "n_trades": 112,
      "win_rate": 0.625,
      "median_return": 0.03687471967805006,
      "market_return": -0.04036560489565355,
      "mean_ic_tradable": 0.048856128626503216,
      "n_skipped_rebalances": 0,
      "avg_candidates": 754.6428571428571
    },
    {
      "fold": 2,
      "period": "2022-09->2022-12",
      "train_rows": 269921,
      "test_rows": 50790,
      "mean_ic": -0.07049516244918021,
      "ic_ir": -0.9560566774497874,
      "hit_rate_ic": 0.015384615384615385,
      "total_return": -0.1220171221178894,
      "sharpe": -5.693638776857281,
      "max_dd": -0.11225570525099675,
      "n_trades": 104,
      "win_rate": 0.3557692307692308,
      "median_return": -0.022381938474189816,
      "market_return": -0.02117647058823524,
      "mean_ic_tradable": -0.048909130303544636,
      "n_skipped_rebalances": 0,
      "avg_candidates": 703.0
    },
    {
      "fold": 3,
      "period": "2022-12->2023-03",
      "train_rows": 320711,
      "test_rows": 47974,
      "mean_ic": 0.05883643335607296,
      "ic_ir": 0.992605971829821,
      "hit_rate_ic": 0.015625,
      "total_return": 0.17435554233355388,
      "sharpe": 3.7092803971336297,
      "max_dd": -0.04767001269111353,
      "n_trades": 104,
      "win_rate": 0.6153846153846154,
      "median_return": 0.015045112781954847,
      "market_return": -0.02974239917186522,
      "mean_ic_tradable": 0.052274359147479396,
      "n_skipped_rebalances": 0,
      "avg_candidates": 673.5384615384615
    },
    {
      "fold": 4,
      "period": "2023-03->2023-06",
      "train_rows": 368685,
      "test_rows": 46785,
      "mean_ic": 0.02828537442862504,
      "ic_ir": 0.5068664707659047,
      "hit_rate_ic": 0.015384615384615385,
      "total_return": 0.44448107197420583,
      "sharpe": 5.697743849537323,
      "max_dd": -0.009396437455719425,
      "n_trades": 104,
      "win_rate": 0.7019230769230769,
      "median_return": 0.03133031705463834,
      "market_return": 0.02405498281786933,
      "mean_ic_tradable": 0.02072147816883522,
      "n_skipped_rebalances": 0,
      "avg_candidates": 639.6153846153846
    },
    {
      "fold": 5,
      "period": "2023-06->2023-09",
      "train_rows": 415470,
      "test_rows": 44784,
      "mean_ic": -0.06473126319614893,
      "ic_ir": -0.9005087460756391,
      "hit_rate_ic": 0.015384615384615385,
      "total_return": 0.03242006232161443,
      "sharpe": 1.034425081360267,
      "max_dd": -0.08441073891014311,
      "n_trades": 104,
      "win_rate": 0.5288461538461539,
      "median_return": 0.0018478786363257116,
      "market_return": -0.054512962513811436,
      "mean_ic_tradable": -0.056559609674558205,
      "n_skipped_rebalances": 0,
      "avg_candidates": 618.0769230769231
    },
    {
      "fold": 6,
      "period": "2023-09->2023-12",
      "train_rows": 460254,
      "test_rows": 43788,
      "mean_ic": 0.0032395525522281674,
      "ic_ir": 0.03560310457890855,
      "hit_rate_ic": 0.015151515151515152,
      "total_return": 0.09642986140173893,
      "sharpe": 2.447210212668279,
      "max_dd": -0.0567318760551464,
      "n_trades": 112,
      "win_rate": 0.5803571428571429,
      "median_return": 0.04045167083370346,
      "market_return": 0.03455284552845517,
      "mean_ic_tradable": 0.017988676309620918,
      "n_skipped_rebalances": 0,
      "avg_candidates": 568.7142857142857
    },
    {
      "fold": 7,
      "period": "2023-12->2024-03",
      "train_rows": 504042,
      "test_rows": 40845,
      "mean_ic": 0.0074948204184553885,
      "ic_ir": 0.1449438047534852,
      "hit_rate_ic": 0.015625,
      "total_return": 0.1792139793864942,
      "sharpe": 5.476122853522422,
      "max_dd": -0.004933620796514955,
      "n_trades": 104,
      "win_rate": 0.5865384615384616,
      "median_return": 0.009544911725229695,
      "market_return": -0.009033527894665438,
      "mean_ic_tradable": 0.01700745704985617,
      "n_skipped_rebalances": 0,
      "avg_candidates": 563.3846153846154
    },
    {
      "fold": 8,
      "period": "2024-03->2024-06",
      "train_rows": 544887,
      "test_rows": 39463,
      "mean_ic": 0.006938209857164365,
      "ic_ir": 0.16244507550256002,
      "hit_rate_ic": 0.015625,
      "total_return": 0.07861575806866394,
      "sharpe": 1.4719260818544349,
      "max_dd": -0.04571610575329148,
      "n_trades": 104,
      "win_rate": 0.5192307692307693,
      "median_return": 0.0050282394102211395,
      "market_return": -0.039196521966527176,
      "mean_ic_tradable": 0.024448326397549514,
      "n_skipped_rebalances": 0,
      "avg_candidates": 536.3846153846154
    },
    {
      "fold": 9,
      "period": "2024-06->2024-09",
      "train_rows": 584350,
      "test_rows": 39119,
      "mean_ic": 0.044085608453384835,
      "ic_ir": 1.0063399962028503,
      "hit_rate_ic": 0.015151515151515152,
      "total_return": 0.16023031049262504,
      "sharpe": 3.3698149727761404,
      "max_dd": -0.022954972996370233,
      "n_trades": 112,
      "win_rate": 0.5714285714285714,
      "median_return": 0.025162102957283616,
      "market_return": 0.059259259259259345,
      "mean_ic_tradable": 0.04805530651199505,
      "n_skipped_rebalances": 0,
      "avg_candidates": 519.5
    },
    {
      "fold": 10,
      "period": "2024-09->2025-01",
      "train_rows": 623469,
      "test_rows": 36632,
      "mean_ic": 0.034031932467551,
      "ic_ir": 0.58532440717178,
      "hit_rate_ic": 0.015384615384615385,
      "total_return": 0.1355662096853436,
      "sharpe": 2.7576581191696823,
      "max_dd": -0.03166994643578881,
      "n_trades": 104,
      "win_rate": 0.5673076923076923,
      "median_return": 0.011676850238956695,
      "market_return": 0.0,
      "mean_ic_tradable": 0.023195415292467506,
      "n_skipped_rebalances": 0,
      "avg_candidates": 505.0
    },
    {
      "fold": 11,
      "period": "2025-01->2025-04",
      "train_rows": 660101,
      "test_rows": 34000,
      "mean_ic": -0.04466938049746859,
      "ic_ir": -0.4443873121448138,
      "hit_rate_ic": 0.015625,
      "total_return": -0.15210483174816614,
      "sharpe": -4.027051411554195,
      "max_dd": -0.18864912761293307,
      "n_trades": 104,
      "win_rate": 0.36538461538461536,
      "median_return": -0.08915819209039547,
      "market_return": -0.19867053722518918,
      "mean_ic_tradable": -0.042030215776764676,
      "n_skipped_rebalances": 0,
      "avg_candidates": 480.0
    },
    {
      "fold": 12,
      "period": "2025-04->2025-07",
      "train_rows": 694101,
      "test_rows": 31528,
      "mean_ic": 0.06652303280596608,
      "ic_ir": 0.8432479804855025,
      "hit_rate_ic": 0.015873015873015872,
      "total_return": 0.21600714633379203,
      "sharpe": 5.330547093096766,
      "max_dd": -0.02209325992394452,
      "n_trades": 104,
      "win_rate": 0.6442307692307693,
      "median_return": 0.043065320817796085,
      "market_return": 0.18377409233527575,
      "mean_ic_tradable": 0.04961340420522343,