{
  "config_name": "v4_exit_trail_12_20",
  "n_features": 0,
  "feat_cols": [],
  "aggregate": {
    "n_features": 0,
    "n_folds": 16,
    "mean_ic": 0.006469639837115945,
    "mean_ic_tradable": 0.008291537237994213,
    "ic_std": 0.04277799253387571,
    "mean_sharpe": 2.3688577066800987,
    "mean_return": 0.12111649674231972,
    "median_return": 0.11422701878730224,
    "mean_alpha": 0.1261578309217456,
    "mean_win_rate": 0.5252463054187192,
    "selectivity_median": 0.0009798297571389498,
    "folds_positive_ret": "13/16",
    "folds_positive_alpha": "14/16",
    "total_trades": 1624,
    "skipped_rebalances": 0
  },
  "folds": [
    {
      "fold": 1,
      "period": "2022-06->2022-09",
      "train_rows": 215868,
      "test_rows": 54053,
      "mean_ic": 0.04702670176508569,
      "ic_ir": 0.8163917034742714,
      "hit_rate_ic": 0.015151515151515152,
      "total_return": 0.33681068823737803,
      "sharpe": 6.346985868564365,
      "max_dd": -0.018927469629486167,
      "n_trades": 112,
      "win_rate": 0.5714285714285714,
      "median_return": 0.023115041990442137,
      "market_return": -0.04036560489565355,
      "mean_ic_tradable": 0.048856128626503216,
      "n_skipped_rebalances": 0,
      "avg_candidates": 754.6428571428571
    },
    {
      "fold": 2,
      "period": "2022-09->2022-12",
      "train_rows": 269921,
      "test_rows": 50790,
      "mean_ic": -0.07049516244918021,
      "ic_ir": -0.9560566774497874,
      "hit_rate_ic": 0.015384615384615385,
      "total_return": -0.18248767054724202,
      "sharpe": -7.775083498034933,
      "max_dd": -0.17052730704420171,
      "n_trades": 104,
      "win_rate": 0.33653846153846156,
      "median_return": -0.023004695693806622,
      "market_return": -0.02117647058823524,
      "mean_ic_tradable": -0.048909130303544636,
      "n_skipped_rebalances": 0,
      "avg_candidates": 703.0
    },
    {
      "fold": 3,
      "period": "2022-12->2023-03",
      "train_rows": 320711,
      "test_rows": 47974,
      "mean_ic": 0.05883643335607296,
      "ic_ir": 0.992605971829821,
      "hit_rate_ic": 0.015625,
      "total_return": 0.24111290148219489,
      "sharpe": 4.0600089804643025,
      "max_dd": -0.03912395500179057,
      "n_trades": 104,
      "win_rate": 0.6538461538461539,
      "median_return": 0.042096184169031756,
      "market_return": -0.02974239917186522,
      "mean_ic_tradable": 0.052274359147479396,
      "n_skipped_rebalances": 0,
      "avg_candidates": 673.5384615384615
    },
    {
      "fold": 4,
      "period": "2023-03->2023-06",
      "train_rows": 368685,
      "test_rows": 46785,
      "mean_ic": 0.02828537442862504,
      "ic_ir": 0.5068664707659047,
      "hit_rate_ic": 0.015384615384615385,
      "total_return": 0.44364618329700845,
      "sharpe": 5.777490174065785,
      "max_dd": -0.007821043607257336,
      "n_trades": 104,
      "win_rate": 0.6826923076923077,
      "median_return": 0.0347134799185251,
      "market_return": 0.02405498281786933,
      "mean_ic_tradable": 0.02072147816883522,
      "n_skipped_rebalances": 0,
      "avg_candidates": 639.6153846153846
    },
    {
      "fold": 5,
      "period": "2023-06->2023-09",
      "train_rows": 415470,
      "test_rows": 44784,
      "mean_ic": -0.06473126319614893,
      "ic_ir": -0.9005087460756391,
      "hit_rate_ic": 0.015384615384615385,
      "total_return": 0.03196555431027437,
      "sharpe": 0.9812761492695166,
      "max_dd": -0.0965661113561991,
      "n_trades": 104,
      "win_rate": 0.49038461538461536,
      "median_return": -0.0035089769691126647,
      "market_return": -0.054512962513811436,
      "mean_ic_tradable": -0.056559609674558205,
      "n_skipped_rebalances": 0,
      "avg_candidates": 618.0769230769231
    },
    {
      "fold": 6,
      "period": "2023-09->2023-12",
      "train_rows": 460254,
      "test_rows": 43788,
      "mean_ic": 0.0032395525522281674,
      "ic_ir": 0.03560310457890855,
      "hit_rate_ic": 0.015151515151515152,
      "total_return": 0.06314276598081303,
      "sharpe": 1.5171248271614528,
      "max_dd": -0.0930672969476751,
      "n_trades": 112,
      "win_rate": 0.5357142857142857,
      "median_return": 0.013288151526060978,
      "market_return": 0.03455284552845517,
      "mean_ic_tradable": 0.017988676309620918,
      "n_skipped_rebalances": 0,
      "avg_candidates": 568.7142857142857
    },
    {
      "fold": 7,
      "period": "2023-12->2024-03",
      "train_rows": 504042,
      "test_rows": 40845,
      "mean_ic": 0.0074948204184553885,
      "ic_ir": 0.1449438047534852,
      "hit_rate_ic": 0.015625,
      "total_return": 0.23538436070484936,
      "sharpe": 6.35620320798385,
      "max_dd": -0.008572270302700812,
      "n_trades": 104,
      "win_rate": 0.5673076923076923,
      "median_return": 0.009120573355817936,
      "market_return": -0.009033527894665438,
      "mean_ic_tradable": 0.01700745704985617,
      "n_skipped_rebalances": 0,
      "avg_candidates": 563.3846153846154
    },
    {
      "fold": 8,
      "period": "2024-03->2024-06",
      "train_rows": 544887,
      "test_rows": 39463,
      "mean_ic": 0.006938209857164365,
      "ic_ir": 0.16244507550256002,
      "hit_rate_ic": 0.015625,
      "total_return": 0.05812668605455151,
      "sharpe": 0.7037095347080662,
      "max_dd": -0.09024853023113949,
      "n_trades": 104,
      "win_rate": 0.4519230769230769,
      "median_return": -0.021748709418377806,
      "market_return": -0.039196521966527176,
      "mean_ic_tradable": 0.024448326397549514,
      "n_skipped_rebalances": 0,
      "avg_candidates": 536.3846153846154
    },
    {
      "fold": 9,
      "period": "2024-06->2024-09",
      "train_rows": 584350,
      "test_rows": 39119,
      "mean_ic": 0.044085608453384835,
      "ic_ir": 1.0063399962028503,
      "hit_rate_ic": 0.015151515151515152,
      "total_return": 0.18026594715940503,
      "sharpe": 3.6294412314327844,
      "max_dd": -0.03642971030152287,
      "n_trades": 112,
      "win_rate": 0.5267857142857143,
      "median_return": 0.01403582434514636,
      "market_return": 0.059259259259259345,
      "mean_ic_tradable": 0.04805530651199505,
      "n_skipped_rebalances": 0,
      "avg_candidates": 519.5
    },
    {
      "fold": 10,
      "period": "2024-09->2025-01",
      "train_rows": 623469,
      "test_rows": 36632,
      "mean_ic": 0.034031932467551,
      "ic_ir": 0.58532440717178,
      "hit_rate_ic": 0.015384615384615385,
      "total_return": 0.16531127159379144,
      "sharpe": 3.0009721746006166,
      "max_dd": -0.03637471541433453,
      "n_trades": 104,
      "win_rate": 0.5384615384615384,
      "median_return": 0.007063388964334189,
      "market_return": 0.0,
      "mean_ic_tradable": 0.023195415292467506,
      "n_skipped_rebalances": 0,
      "avg_candidates": 505.0
    },
    {
      "fold": 11,
      "period": "2025-01->2025-04",
      "train_rows": 660101,
      "test_rows": 34000,
      "mean_ic": -0.04466938049746859,
      "ic_ir": -0.4443873121448138,
      "hit_rate_ic": 0.015625,
      "total_return": -0.19449460637854155,
      "sharpe": -4.116677001796783,
      "max_dd": -0.24599293372712083,
      "n_trades": 104,
      "win_rate": 0.3173076923076923,
      "median_return": -0.10775795333238258,
      "market_return": -0.19867053722518918,
      "mean_ic_tradable": -0.042030215776764676,
      "n_skipped_rebalances": 0,
      "avg_candidates": 480.0
    },
    {
      "fold": 12,
      "period": "2025-04->2025-07",
      "train_rows": 694101,
      "test_rows": 31528,
      "mean_ic": 0.06652303280596608,
      "ic_ir": 0.8432479804855025,
      "hit_rate_ic": 0.015873015873015872,
      "total_return": 0.21644748756082954,
      "sharpe": 5.0006445115484155,
      "max_dd": -0.012735585851651028,
      "n_trades": 104,
      "win_rate": 0.5769230769230769,
      "median_return": 0.043065320817796085,
      "market_return": 0.18377409233527575,
      "mean_ic_tradable": 0.04961340420522343,