{
  "config_name": "v4_exit_be10",
  "n_features": 0,
  "feat_cols": [],
  "aggregate": {
    "n_features": 0,
    "n_folds": 16,
    "mean_ic": 0.006469639837115945,
    "mean_ic_tradable": 0.008291537237994213,
    "ic_std": 0.04277799253387571,
    "mean_sharpe": 2.662664317493971,
    "mean_return": 0.12720996943432827,
    "median_return": 0.11298080034906999,
    "mean_alpha": 0.13225130361375417,
    "mean_win_rate": 0.4938423645320197,
    "selectivity_median": -0.0020966862711210245,
    "folds_positive_ret": "14/16",
    "folds_positive_alpha": "14/16",
    "total_trades": 1624,
    "skipped_rebalances": 0
  },
  "folds": [
    {
      "fold": 1,
      "period": "2022-06->2022-09",
      "train_rows": 215868,
      "test_rows": 54053,
      "mean_ic": 0.04702670176508569,
      "ic_ir": 0.8163917034742714,
      "hit_rate_ic": 0.015151515151515152,
      "total_return": 0.32203125771889995,
      "sharpe": 7.125321586935768,
      "max_dd": -0.012246101427712989,
      "n_trades": 112,
      "win_rate": 0.5714285714285714,
      "median_return": 0.023115041990442137,
      "market_return": -0.04036560489565355,
      "mean_ic_tradable": 0.048856128626503216,
      "n_skipped_rebalances": 0,
      "avg_candidates": 754.6428571428571
    },
    {
      "fold": 2,
      "period": "2022-09->2022-12",
      "train_rows": 269921,
      "test_rows": 50790,
      "mean_ic": -0.07049516244918021,
      "ic_ir": -0.9560566774497874,
      "hit_rate_ic": 0.015384615384615385,
      "total_return": -0.12182328908242046,
      "sharpe": -5.281158801876289,
      "max_dd": -0.11881118392120271,
      "n_trades": 104,
      "win_rate": 0.3076923076923077,
      "median_return": -0.023004695693806622,
      "market_return": -0.02117647058823524,
      "mean_ic_tradable": -0.048909130303544636,
      "n_skipped_rebalances": 0,
      "avg_candidates": 703.0
    },
    {
      "fold": 3,
      "period": "2022-12->2023-03",
      "train_rows": 320711,
      "test_rows": 47974,
      "mean_ic": 0.05883643335607296,
      "ic_ir": 0.992605971829821,
      "hit_rate_ic": 0.015625,
      "total_return": 0.20173202482929775,
      "sharpe": 3.908508711717663,
      "max_dd": -0.0478352224359516,
      "n_trades": 104,
      "win_rate": 0.5673076923076923,
      "median_return": 0.00964904716278073,
      "market_return": -0.02974239917186522,
      "mean_ic_tradable": 0.052274359147479396,
      "n_skipped_rebalances": 0,
      "avg_candidates": 673.5384615384615
    },
    {
      "fold": 4,
      "period": "2023-03->2023-06",
      "train_rows": 368685,
      "test_rows": 46785,
      "mean_ic": 0.02828537442862504,
      "ic_ir": 0.5068664707659047,
      "hit_rate_ic": 0.015384615384615385,
      "total_return": 0.4290047194605071,
      "sharpe": 5.781247147720213,
      "max_dd": -0.009396437455719522,
      "n_trades": 104,
      "win_rate": 0.6346153846153846,
      "median_return": 0.029305502846299746,
      "market_return": 0.02405498281786933,
      "mean_ic_tradable": 0.02072147816883522,
      "n_skipped_rebalances": 0,
      "avg_candidates": 639.6153846153846
    },
    {
      "fold": 5,
      "period": "2023-06->2023-09",
      "train_rows": 415470,
      "test_rows": 44784,
      "mean_ic": -0.06473126319614893,
      "ic_ir": -0.9005087460756391,
      "hit_rate_ic": 0.015384615384615385,
      "total_return": 0.025358182386470807,
      "sharpe": 0.8614906502850127,
      "max_dd": -0.09091069707018881,
      "n_trades": 104,
      "win_rate": 0.46153846153846156,
      "median_return": -0.009796656455206923,
      "market_return": -0.054512962513811436,
      "mean_ic_tradable": -0.056559609674558205,
      "n_skipped_rebalances": 0,
      "avg_candidates": 618.0769230769231
    },
    {
      "fold": 6,
      "period": "2023-09->2023-12",
      "train_rows": 460254,
      "test_rows": 43788,
      "mean_ic": 0.0032395525522281674,
      "ic_ir": 0.03560310457890855,
      "hit_rate_ic": 0.015151515151515152,
      "total_return": 0.09013605813427672,
      "sharpe": 2.1264052772840745,
      "max_dd": -0.07428216941129055,
      "n_trades": 112,
      "win_rate": 0.5,
      "median_return": -0.0018162878787879044,
      "market_return": 0.03455284552845517,
      "mean_ic_tradable": 0.017988676309620918,
      "n_skipped_rebalances": 0,
      "avg_candidates": 568.7142857142857
    },
    {
      "fold": 7,
      "period": "2023-12->2024-03",
      "train_rows": 504042,
      "test_rows": 40845,
      "mean_ic": 0.0074948204184553885,
      "ic_ir": 0.1449438047534852,
      "hit_rate_ic": 0.015625,
      "total_return": 0.22812891529404977,
      "sharpe": 6.316544084397801,
      "max_dd": -0.006850378737369296,
      "n_trades": 104,
      "win_rate": 0.5480769230769231,
      "median_return": 0.007192504757722132,
      "market_return": -0.009033527894665438,
      "mean_ic_tradable": 0.01700745704985617,
      "n_skipped_rebalances": 0,
      "avg_candidates": 563.3846153846154
    },
    {
      "fold": 8,
      "period": "2024-03->2024-06",
      "train_rows": 544887,
      "test_rows": 39463,
      "mean_ic": 0.006938209857164365,
      "ic_ir": 0.16244507550256002,
      "hit_rate_ic": 0.015625,
      "total_return": 0.07615061269041212,
      "sharpe": 1.168953305922195,
      "max_dd": -0.07029199061287973,
      "n_trades": 104,
      "win_rate": 0.46153846153846156,
      "median_return": -0.008609679446888754,
      "market_return": -0.039196521966527176,
      "mean_ic_tradable": 0.024448326397549514,
      "n_skipped_rebalances": 0,
      "avg_candidates": 536.3846153846154
    },
    {
      "fold": 9,
      "period": "2024-06->2024-09",
      "train_rows": 584350,
      "test_rows": 39119,
      "mean_ic": 0.044085608453384835,
      "ic_ir": 1.0063399962028503,
      "hit_rate_ic": 0.015151515151515152,
      "total_return": 0.15696744270774654,
      "sharpe": 3.3039351364118565,
      "max_dd": -0.027005331608482275,
      "n_trades": 112,
      "win_rate": 0.4732142857142857,
      "median_return": -0.00445935520130796,
      "market_return": 0.059259259259259345,
      "mean_ic_tradable": 0.04805530651199505,
      "n_skipped_rebalances": 0,
      "avg_candidates": 519.5
    },
    {
      "fold": 10,
      "period": "2024-09->2025-01",
      "train_rows": 623469,
      "test_rows": 36632,
      "mean_ic": 0.034031932467551,
      "ic_ir": 0.58532440717178,
      "hit_rate_ic": 0.015384615384615385,
      "total_return": 0.13582554256386326,
      "sharpe": 2.5781624652389974,
      "max_dd": -0.04108493789031815,
      "n_trades": 104,
      "win_rate": 0.5,
      "median_return": -0.0001618932248853536,
      "market_return": 0.0,
      "mean_ic_tradable": 0.023195415292467506,
      "n_skipped_rebalances": 0,
      "avg_candidates": 505.0
    },
    {
      "fold": 11,
      "period": "2025-01->2025-04",
      "train_rows": 660101,
      "test_rows": 34000,
      "mean_ic": -0.04466938049746859,
      "ic_ir": -0.4443873121448138,
      "hit_rate_ic": 0.015625,
      "total_return": -0.1675112705313606,
      "sharpe": -4.211140201276523,
      "max_dd": -0.20642172886760005,
      "n_trades": 104,
      "win_rate": 0.2692307692307692,
      "median_return": -0.08498493513739709,
      "market_return": -0.19867053722518918,
      "mean_ic_tradable": -0.042030215776764676,
      "n_skipped_rebalances": 0,
      "avg_candidates": 480.0
    },
    {
      "fold": 12,
      "period": "2025-04->2025-07",
      "train_rows": 694101,
      "test_rows": 31528,
      "mean_ic": 0.06652303280596608,
      "ic_ir": 0.8432479804855025,
      "hit_rate_ic": 0.015873015873015872,
      "total_return": 0.24730088867373756,
      "sharpe": 6.266406633492236,
      "max_dd": -0.009777769140060797,
      "n_trades": 104,
      "win_rate": 0.5673076923076923,
      "median_return": 0.043065320817796085,
      "market_return": 0.18377409233527575,
      "mean_ic_tradable": 0.04961340420522343,
      "n_skipped_rebalances": 0,