{
  "config_name": "v4_exit_adaptive6_d3",
  "n_features": 0,
  "feat_cols": [],
  "aggregate": {
    "n_features": 0,
    "n_folds": 16,
    "mean_ic": 0.006469639837115945,
    "mean_ic_tradable": 0.008291537237994213,
    "ic_std": 0.04277799253387571,
    "mean_sharpe": 2.754013567662411,
    "mean_return": 0.111305430448781,
    "median_return": 0.1222921005942118,
    "mean_alpha": 0.1163467646282069,
    "mean_win_rate": 0.604679802955665,
    "selectivity_median": 0.015796377706035578,
    "folds_positive_ret": "14/16",
    "folds_positive_alpha": "14/16",
    "total_trades": 1624,
    "skipped_rebalances": 0
  },
  "folds": [
    {
      "fold": 1,
      "period": "2022-06->2022-09",
      "train_rows": 215868,
      "test_rows": 54053,
      "mean_ic": 0.04702670176508569,
      "ic_ir": 0.8163917034742714,
      "hit_rate_ic": 0.015151515151515152,
      "total_return": 0.3076509116817394,
      "sharpe": 7.9434732488176465,
      "max_dd": -0.005925032408718052,
      "n_trades": 112,
      "win_rate": 0.6785714285714286,
      "median_return": 0.04835108830782947,
      "market_return": -0.04036560489565355,
      "mean_ic_tradable": 0.048856128626503216,
      "n_skipped_rebalances": 0,
      "avg_candidates": 754.6428571428571
    },
    {
      "fold": 2,
      "period": "2022-09->2022-12",
      "train_rows": 269921,
      "test_rows": 50790,
      "mean_ic": -0.07049516244918021,
      "ic_ir": -0.9560566774497874,
      "hit_rate_ic": 0.015384615384615385,
      "total_return": -0.11202264519264526,
      "sharpe": -4.942851440330481,
      "max_dd": -0.10436951076190047,
      "n_trades": 104,
      "win_rate": 0.38461538461538464,
      "median_return": -0.019828822612778737,
      "market_return": -0.02117647058823524,
      "mean_ic_tradable": -0.048909130303544636,
      "n_skipped_rebalances": 0,
      "avg_candidates": 703.0
    },
    {
      "fold": 3,
      "period": "2022-12->2023-03",
      "train_rows": 320711,
      "test_rows": 47974,
      "mean_ic": 0.05883643335607296,
      "ic_ir": 0.992605971829821,
      "hit_rate_ic": 0.015625,
      "total_return": 0.1531333944287676,
      "sharpe": 3.386822773349618,
      "max_dd": -0.04925945950695929,
      "n_trades": 104,
      "win_rate": 0.6634615384615384,
      "median_return": 0.01747656454569261,
      "market_return": -0.02974239917186522,
      "mean_ic_tradable": 0.052274359147479396,
      "n_skipped_rebalances": 0,
      "avg_candidates": 673.5384615384615
    },
    {
      "fold": 4,
      "period": "2023-03->2023-06",
      "train_rows": 368685,
      "test_rows": 46785,
      "mean_ic": 0.02828537442862504,
      "ic_ir": 0.5068664707659047,
      "hit_rate_ic": 0.015384615384615385,
      "total_return": 0.3819805956238289,
      "sharpe": 5.3976405373273435,
      "max_dd": -0.009396437455719489,
      "n_trades": 104,
      "win_rate": 0.7692307692307693,
      "median_return": 0.041525789868884604,
      "market_return": 0.02405498281786933,
      "mean_ic_tradable": 0.02072147816883522,
      "n_skipped_rebalances": 0,
      "avg_candidates": 639.6153846153846
    },
    {
      "fold": 5,
      "period": "2023-06->2023-09",
      "train_rows": 415470,
      "test_rows": 44784,
      "mean_ic": -0.06473126319614893,
      "ic_ir": -0.9005087460756391,
      "hit_rate_ic": 0.015384615384615385,
      "total_return": 0.031142059366165986,
      "sharpe": 1.0683265239491146,
      "max_dd": -0.07456810540397757,
      "n_trades": 104,
      "win_rate": 0.5384615384615384,
      "median_return": 0.0018478786363257116,
      "market_return": -0.054512962513811436,
      "mean_ic_tradable": -0.056559609674558205,
      "n_skipped_rebalances": 0,
      "avg_candidates": 618.0769230769231
    },
    {
      "fold": 6,
      "period": "2023-09->2023-12",
      "train_rows": 460254,
      "test_rows": 43788,
      "mean_ic": 0.0032395525522281674,
      "ic_ir": 0.03560310457890855,
      "hit_rate_ic": 0.015151515151515152,
      "total_return": 0.0735463005304231,
      "sharpe": 2.229670354330197,
      "max_dd": -0.05399302424086883,
      "n_trades": 112,
      "win_rate": 0.5982142857142857,
      "median_return": 0.038356868432532484,
      "market_return": 0.03455284552845517,
      "mean_ic_tradable": 0.017988676309620918,
      "n_skipped_rebalances": 0,
      "avg_candidates": 568.7142857142857
    },
    {
      "fold": 7,
      "period": "2023-12->2024-03",
      "train_rows": 504042,
      "test_rows": 40845,
      "mean_ic": 0.0074948204184553885,
      "ic_ir": 0.1449438047534852,
      "hit_rate_ic": 0.015625,
      "total_return": 0.14927735627925776,
      "sharpe": 5.073080417464415,
      "max_dd": -0.009431461333779607,
      "n_trades": 104,
      "win_rate": 0.5865384615384616,
      "median_return": 0.008674198014838853,
      "market_return": -0.009033527894665438,
      "mean_ic_tradable": 0.01700745704985617,
      "n_skipped_rebalances": 0,
      "avg_candidates": 563.3846153846154
    },
    {
      "fold": 8,
      "period": "2024-03->2024-06",
      "train_rows": 544887,
      "test_rows": 39463,
      "mean_ic": 0.006938209857164365,
      "ic_ir": 0.16244507550256002,
      "hit_rate_ic": 0.015625,
      "total_return": 0.07018300650235565,
      "sharpe": 1.2298603220708535,
      "max_dd": -0.058239474909834325,
      "n_trades": 104,
      "win_rate": 0.5576923076923077,
      "median_return": 0.02197258596827425,
      "market_return": -0.039196521966527176,
      "mean_ic_tradable": 0.024448326397549514,
      "n_skipped_rebalances": 0,
      "avg_candidates": 536.3846153846154
    },
    {
      "fold": 9,
      "period": "2024-06->2024-09",
      "train_rows": 584350,
      "test_rows": 39119,
      "mean_ic": 0.044085608453384835,
      "ic_ir": 1.0063399962028503,
      "hit_rate_ic": 0.015151515151515152,
      "total_return": 0.14833533569596136,
      "sharpe": 3.5996926889758614,
      "max_dd": -0.022614072633888822,
      "n_trades": 112,
      "win_rate": 0.6071428571428571,
      "median_return": 0.03198577896644641,
      "market_return": 0.059259259259259345,
      "mean_ic_tradable": 0.04805530651199505,
      "n_skipped_rebalances": 0,
      "avg_candidates": 519.5
    },
    {
      "fold": 10,
      "period": "2024-09->2025-01",
      "train_rows": 623469,
      "test_rows": 36632,
      "mean_ic": 0.034031932467551,
      "ic_ir": 0.58532440717178,
      "hit_rate_ic": 0.015384615384615385,
      "total_return": 0.14974422601339765,
      "sharpe": 2.9865789857579736,
      "max_dd": -0.029733896744933756,
      "n_trades": 104,
      "win_rate": 0.5961538461538461,
      "median_return": 0.0226115957237489,
      "market_return": 0.0,
      "mean_ic_tradable": 0.023195415292467506,
      "n_skipped_rebalances": 0,
      "avg_candidates": 505.0
    },
    {
      "fold": 11,
      "period": "2025-01->2025-04",
      "train_rows": 660101,
      "test_rows": 34000,
      "mean_ic": -0.04466938049746859,
      "ic_ir": -0.4443873121448138,
      "hit_rate_ic": 0.015625,
      "total_return": -0.1296688312982195,
      "sharpe": -3.2772519752500036,
      "max_dd": -0.17084545714663107,
      "n_trades": 104,
      "win_rate": 0.41346153846153844,
      "median_return": -0.07287590898819378,
      "market_return": -0.19867053722518918,
      "mean_ic_tradable": -0.042030215776764676,
      "n_skipped_rebalances": 0,
      "avg_candidates": 480.0
    },
    {
      "fold": 12,
      "period": "2025-04->2025-07",
      "train_rows": 694101,
      "test_rows": 31528,
      "mean_ic": 0.06652303280596608,
      "ic_ir": 0.8432479804855025,
      "hit_rate_ic": 0.015873015873015872,
      "total_return": 0.17191712488469024,
      "sharpe": 4.2386052200648034,
      "max_dd": -0.030575579422450247,
      "n_trades": 104,
      "win_rate": 0.6730769230769231,
      "median_return": 0.04151626355296076,
      "market_return": 0.18377409233527575,
      "mean_ic_tradable": 0.04961340420522343,