{
  "config_name": "v4_exit_pt15",
  "n_features": 0,
  "feat_cols": [],
  "aggregate": {
    "n_features": 0,
    "n_folds": 16,
    "mean_ic": 0.006469639837115945,
    "mean_ic_tradable": 0.008291537237994213,
    "ic_std": 0.04277799253387571,
    "mean_sharpe": 3.531464084967948,
    "mean_return": 0.10050400185766882,
    "median_return": 0.11101633038225578,
    "mean_alpha": 0.1055453360370947,
    "mean_win_rate": 0.5535714285714286,
    "selectivity_median": 0.028909437781669135,
    "folds_positive_ret": "14/16",
    "folds_positive_alpha": "15/16",
    "total_trades": 1624,
    "skipped_rebalances": 0
  },
  "folds": [
    {
      "fold": 1,
      "period": "2022-06->2022-09",
      "train_rows": 215868,
      "test_rows": 54053,
      "mean_ic": 0.04702670176508569,
      "ic_ir": 0.8163917034742714,
      "hit_rate_ic": 0.015151515151515152,
      "total_return": 0.26394470681075055,
      "sharpe": 8.025725367164974,
      "max_dd": -0.008798479970223014,
      "n_trades": 112,
      "win_rate": 0.6071428571428571,
      "median_return": 0.05570600456667967,
      "market_return": -0.04036560489565355,
      "mean_ic_tradable": 0.048856128626503216,
      "n_skipped_rebalances": 0,
      "avg_candidates": 754.6428571428571
    },
    {
      "fold": 2,
      "period": "2022-09->2022-12",
      "train_rows": 269921,
      "test_rows": 50790,
      "mean_ic": -0.07049516244918021,
      "ic_ir": -0.9560566774497874,
      "hit_rate_ic": 0.015384615384615385,
      "total_return": -0.09576076649742271,
      "sharpe": -3.613385444694098,
      "max_dd": -0.09478405171086225,
      "n_trades": 104,
      "win_rate": 0.3557692307692308,
      "median_return": -0.022381938474189816,
      "market_return": -0.02117647058823524,
      "mean_ic_tradable": -0.048909130303544636,
      "n_skipped_rebalances": 0,
      "avg_candidates": 703.0
    },
    {
      "fold": 3,
      "period": "2022-12->2023-03",
      "train_rows": 320711,
      "test_rows": 47974,
      "mean_ic": 0.05883643335607296,
      "ic_ir": 0.992605971829821,
      "hit_rate_ic": 0.015625,
      "total_return": 0.11920849526097932,
      "sharpe": 3.462959079875041,
      "max_dd": -0.040865323421731214,
      "n_trades": 104,
      "win_rate": 0.6153846153846154,
      "median_return": 0.0242397057100392,
      "market_return": -0.02974239917186522,
      "mean_ic_tradable": 0.052274359147479396,
      "n_skipped_rebalances": 0,
      "avg_candidates": 673.5384615384615
    },
    {
      "fold": 4,
      "period": "2023-03->2023-06",
      "train_rows": 368685,
      "test_rows": 46785,
      "mean_ic": 0.02828537442862504,
      "ic_ir": 0.5068664707659047,
      "hit_rate_ic": 0.015384615384615385,
      "total_return": 0.2016878983121151,
      "sharpe": 8.724919759980697,
      "max_dd": -0.008211092628133236,
      "n_trades": 104,
      "win_rate": 0.6826923076923077,
      "median_return": 0.054516663625066276,
      "market_return": 0.02405498281786933,
      "mean_ic_tradable": 0.02072147816883522,
      "n_skipped_rebalances": 0,
      "avg_candidates": 639.6153846153846
    },
    {
      "fold": 5,
      "period": "2023-06->2023-09",
      "train_rows": 415470,
      "test_rows": 44784,
      "mean_ic": -0.06473126319614893,
      "ic_ir": -0.9005087460756391,
      "hit_rate_ic": 0.015384615384615385,
      "total_return": 0.026654204990592234,
      "sharpe": 0.9433302658005123,
      "max_dd": -0.08436278511649921,
      "n_trades": 104,
      "win_rate": 0.49038461538461536,
      "median_return": -0.0035089769691126647,
      "market_return": -0.054512962513811436,
      "mean_ic_tradable": -0.056559609674558205,
      "n_skipped_rebalances": 0,
      "avg_candidates": 618.0769230769231
    },
    {
      "fold": 6,
      "period": "2023-09->2023-12",
      "train_rows": 460254,
      "test_rows": 43788,
      "mean_ic": 0.0032395525522281674,
      "ic_ir": 0.03560310457890855,
      "hit_rate_ic": 0.015151515151515152,
      "total_return": 0.1182407872099085,
      "sharpe": 3.0309410042213774,
      "max_dd": -0.04648928815242042,
      "n_trades": 112,
      "win_rate": 0.5803571428571429,
      "median_return": 0.09532487908458182,
      "market_return": 0.03455284552845517,
      "mean_ic_tradable": 0.017988676309620918,
      "n_skipped_rebalances": 0,
      "avg_candidates": 568.7142857142857
    },
    {
      "fold": 7,
      "period": "2023-12->2024-03",
      "train_rows": 504042,
      "test_rows": 40845,
      "mean_ic": 0.0074948204184553885,
      "ic_ir": 0.1449438047534852,
      "hit_rate_ic": 0.015625,
      "total_return": 0.1860098662450933,
      "sharpe": 7.1656529007192535,
      "max_dd": -0.004532221720738342,
      "n_trades": 104,
      "win_rate": 0.5865384615384616,
      "median_return": 0.013828644398199336,
      "market_return": -0.009033527894665438,
      "mean_ic_tradable": 0.01700745704985617,
      "n_skipped_rebalances": 0,
      "avg_candidates": 563.3846153846154
    },
    {
      "fold": 8,
      "period": "2024-03->2024-06",
      "train_rows": 544887,
      "test_rows": 39463,
      "mean_ic": 0.006938209857164365,
      "ic_ir": 0.16244507550256002,
      "hit_rate_ic": 0.015625,
      "total_return": 0.03903529795852778,
      "sharpe": 0.9472016268582798,
      "max_dd": -0.0501639428315403,
      "n_trades": 104,
      "win_rate": 0.5,
      "median_return": 0.001716981132075441,
      "market_return": -0.039196521966527176,
      "mean_ic_tradable": 0.024448326397549514,
      "n_skipped_rebalances": 0,
      "avg_candidates": 536.3846153846154
    },
    {
      "fold": 9,
      "period": "2024-06->2024-09",
      "train_rows": 584350,
      "test_rows": 39119,
      "mean_ic": 0.044085608453384835,
      "ic_ir": 1.0063399962028503,
      "hit_rate_ic": 0.015151515151515152,
      "total_return": 0.124198684587141,
      "sharpe": 3.117131681951773,
      "max_dd": -0.03629647997410012,
      "n_trades": 112,
      "win_rate": 0.5625,
      "median_return": 0.05141237113402063,
      "market_return": 0.059259259259259345,
      "mean_ic_tradable": 0.04805530651199505,
      "n_skipped_rebalances": 0,
      "avg_candidates": 519.5
    },
    {
      "fold": 10,
      "period": "2024-09->2025-01",
      "train_rows": 623469,
      "test_rows": 36632,
      "mean_ic": 0.034031932467551,
      "ic_ir": 0.58532440717178,
      "hit_rate_ic": 0.015384615384615385,
      "total_return": 0.09499688916272175,
      "sharpe": 2.8197695237989575,
      "max_dd": -0.027600169081287783,
      "n_trades": 104,
      "win_rate": 0.5673076923076923,
      "median_return": 0.028296125555760443,
      "market_return": 0.0,
      "mean_ic_tradable": 0.023195415292467506,
      "n_skipped_rebalances": 0,
      "avg_candidates": 505.0
    },
    {
      "fold": 11,
      "period": "2025-01->2025-04",
      "train_rows": 660101,
      "test_rows": 34000,
      "mean_ic": -0.04466938049746859,
      "ic_ir": -0.4443873121448138,
      "hit_rate_ic": 0.015625,
      "total_return": -0.1575708149980486,
      "sharpe": -4.039482946765234,
      "max_dd": -0.19349399196411324,
      "n_trades": 104,
      "win_rate": 0.3173076923076923,
      "median_return": -0.10305672501789798,
      "market_return": -0.19867053722518918,
      "mean_ic_tradable": -0.042030215776764676,
      "n_skipped_rebalances": 0,
      "avg_candidates": 480.0
    },
    {
      "fold": 12,
      "period": "2025-04->2025-07",
      "train_rows": 694101,
      "test_rows": 31528,
      "mean_ic": 0.06652303280596608,
      "ic_ir": 0.8432479804855025,
      "hit_rate_ic": 0.015873015873015872,
      "total_return": 0.2279856256096222,
      "sharpe": 5.652602928107657,
      "max_dd": -0.021683301027795667,
      "n_trades": 104,
      "win_rate": 0.6346153846153846,
      "median_return": 0.15019426336375497,
      "market_return": 0.18377409233527575,
      "mean_ic_tradable": 0.04961340420522343,
      "n_skipped_rebalances": 0,