{
  "config_name": "v4_exit_trail_8_12",
  "n_features": 0,
  "feat_cols": [],
  "aggregate": {
    "n_features": 0,
    "n_folds": 16,
    "mean_ic": 0.006469639837115945,
    "mean_ic_tradable": 0.008291537237994213,
    "ic_std": 0.04277799253387571,
    "mean_sharpe": 2.0991951675840674,
    "mean_return": 0.10955285450985308,
    "median_return": 0.09067103371924667,
    "mean_alpha": 0.11459418868927897,
    "mean_win_rate": 0.4747536945812808,
    "selectivity_median": -0.010935346458941172,
    "folds_positive_ret": "12/16",
    "folds_positive_alpha": "13/16",
    "total_trades": 1624,
    "skipped_rebalances": 0
  },
  "folds": [
    {
      "fold": 1,
      "period": "2022-06->2022-09",
      "train_rows": 215868,
      "test_rows": 54053,
      "mean_ic": 0.04702670176508569,
      "ic_ir": 0.8163917034742714,
      "hit_rate_ic": 0.015151515151515152,
      "total_return": 0.24353090205087224,
      "sharpe": 5.469432964930525,
      "max_dd": -0.021680862450946192,
      "n_trades": 112,
      "win_rate": 0.5446428571428571,
      "median_return": 0.015455830655936474,
      "market_return": -0.04036560489565355,
      "mean_ic_tradable": 0.048856128626503216,
      "n_skipped_rebalances": 0,
      "avg_candidates": 754.6428571428571
    },
    {
      "fold": 2,
      "period": "2022-09->2022-12",
      "train_rows": 269921,
      "test_rows": 50790,
      "mean_ic": -0.07049516244918021,
      "ic_ir": -0.9560566774497874,
      "hit_rate_ic": 0.015384615384615385,
      "total_return": -0.11296091876583214,
      "sharpe": -6.183264628868525,
      "max_dd": -0.10859571744942963,
      "n_trades": 104,
      "win_rate": 0.2980769230769231,
      "median_return": -0.02869325601625395,
      "market_return": -0.02117647058823524,
      "mean_ic_tradable": -0.048909130303544636,
      "n_skipped_rebalances": 0,
      "avg_candidates": 703.0
    },
    {
      "fold": 3,
      "period": "2022-12->2023-03",
      "train_rows": 320711,
      "test_rows": 47974,
      "mean_ic": 0.05883643335607296,
      "ic_ir": 0.992605971829821,
      "hit_rate_ic": 0.015625,
      "total_return": 0.22668743785208156,
      "sharpe": 4.30606552108395,
      "max_dd": -0.035091407493543954,
      "n_trades": 104,
      "win_rate": 0.5769230769230769,
      "median_return": 0.013775078670657716,
      "market_return": -0.02974239917186522,
      "mean_ic_tradable": 0.052274359147479396,
      "n_skipped_rebalances": 0,
      "avg_candidates": 673.5384615384615
    },
    {
      "fold": 4,
      "period": "2023-03->2023-06",
      "train_rows": 368685,
      "test_rows": 46785,
      "mean_ic": 0.02828537442862504,
      "ic_ir": 0.5068664707659047,
      "hit_rate_ic": 0.015384615384615385,
      "total_return": 0.4063910258058734,
      "sharpe": 5.460596556788465,
      "max_dd": -0.0066473937679108145,
      "n_trades": 104,
      "win_rate": 0.5961538461538461,
      "median_return": 0.01497830848960837,
      "market_return": 0.02405498281786933,
      "mean_ic_tradable": 0.02072147816883522,
      "n_skipped_rebalances": 0,
      "avg_candidates": 639.6153846153846
    },
    {
      "fold": 5,
      "period": "2023-06->2023-09",
      "train_rows": 415470,
      "test_rows": 44784,
      "mean_ic": -0.06473126319614893,
      "ic_ir": -0.9005087460756391,
      "hit_rate_ic": 0.015384615384615385,
      "total_return": 0.03342377018658382,
      "sharpe": 1.0167134137753364,
      "max_dd": -0.08504089684860021,
      "n_trades": 104,
      "win_rate": 0.4326923076923077,
      "median_return": -0.03037770710283208,
      "market_return": -0.054512962513811436,
      "mean_ic_tradable": -0.056559609674558205,
      "n_skipped_rebalances": 0,
      "avg_candidates": 618.0769230769231
    },
    {
      "fold": 6,
      "period": "2023-09->2023-12",
      "train_rows": 460254,
      "test_rows": 43788,
      "mean_ic": 0.0032395525522281674,
      "ic_ir": 0.03560310457890855,
      "hit_rate_ic": 0.015151515151515152,
      "total_return": 0.07133485929422845,
      "sharpe": 1.8690604192928508,
      "max_dd": -0.06932693368574155,
      "n_trades": 112,
      "win_rate": 0.45535714285714285,
      "median_return": -0.013922619047619059,
      "market_return": 0.03455284552845517,
      "mean_ic_tradable": 0.017988676309620918,
      "n_skipped_rebalances": 0,
      "avg_candidates": 568.7142857142857
    },
    {
      "fold": 7,
      "period": "2023-12->2024-03",
      "train_rows": 504042,
      "test_rows": 40845,
      "mean_ic": 0.0074948204184553885,
      "ic_ir": 0.1449438047534852,
      "hit_rate_ic": 0.015625,
      "total_return": 0.18088104535292215,
      "sharpe": 4.960343457871289,
      "max_dd": -0.0073637960429555034,
      "n_trades": 104,
      "win_rate": 0.5384615384615384,
      "median_return": 0.006231649949088241,
      "market_return": -0.009033527894665438,
      "mean_ic_tradable": 0.01700745704985617,
      "n_skipped_rebalances": 0,
      "avg_candidates": 563.3846153846154
    },
    {
      "fold": 8,
      "period": "2024-03->2024-06",
      "train_rows": 544887,
      "test_rows": 39463,
      "mean_ic": 0.006938209857164365,
      "ic_ir": 0.16244507550256002,
      "hit_rate_ic": 0.015625,
      "total_return": 0.09755814155414289,
      "sharpe": 1.6995243600939482,
      "max_dd": -0.03808568915194452,
      "n_trades": 104,
      "win_rate": 0.4326923076923077,
      "median_return": -0.03894874538027612,
      "market_return": -0.039196521966527176,
      "mean_ic_tradable": 0.024448326397549514,
      "n_skipped_rebalances": 0,
      "avg_candidates": 536.3846153846154
    },
    {
      "fold": 9,
      "period": "2024-06->2024-09",
      "train_rows": 584350,
      "test_rows": 39119,
      "mean_ic": 0.044085608453384835,
      "ic_ir": 1.0063399962028503,
      "hit_rate_ic": 0.015151515151515152,
      "total_return": 0.16332108000869305,
      "sharpe": 3.333132725179446,
      "max_dd": -0.026058025439339175,
      "n_trades": 112,
      "win_rate": 0.45535714285714285,
      "median_return": -0.008210594876248319,
      "market_return": 0.059259259259259345,
      "mean_ic_tradable": 0.04805530651199505,
      "n_skipped_rebalances": 0,
      "avg_candidates": 519.5
    },
    {
      "fold": 10,
      "period": "2024-09->2025-01",
      "train_rows": 623469,
      "test_rows": 36632,
      "mean_ic": 0.034031932467551,
      "ic_ir": 0.58532440717178,
      "hit_rate_ic": 0.015384615384615385,
      "total_return": 0.08378392588435046,
      "sharpe": 1.80249109064963,
      "max_dd": -0.05455478936257926,
      "n_trades": 104,
      "win_rate": 0.4519230769230769,
      "median_return": -0.048772058823529495,
      "market_return": 0.0,
      "mean_ic_tradable": 0.023195415292467506,
      "n_skipped_rebalances": 0,
      "avg_candidates": 505.0
    },
    {
      "fold": 11,
      "period": "2025-01->2025-04",
      "train_rows": 660101,
      "test_rows": 34000,
      "mean_ic": -0.04466938049746859,
      "ic_ir": -0.4443873121448138,
      "hit_rate_ic": 0.015625,
      "total_return": -0.14947896305792407,
      "sharpe": -3.918241638594164,
      "max_dd": -0.19433149074948167,
      "n_trades": 104,
      "win_rate": 0.2692307692307692,
      "median_return": -0.07814104120545592,
      "market_return": -0.19867053722518918,
      "mean_ic_tradable": -0.042030215776764676,
      "n_skipped_rebalances": 0,
      "avg_candidates": 480.0
    },
    {
      "fold": 12,
      "period": "2025-04->2025-07",
      "train_rows": 694101,
      "test_rows": 31528,
      "mean_ic": 0.06652303280596608,
      "ic_ir": 0.8432479804855025,
      "hit_rate_ic": 0.015873015873015872,
      "total_return": 0.270546556578243,
      "sharpe": 7.088212792465625,
      "max_dd": -0.00814211917890583,
      "n_trades": 104,
      "win_rate": 0.5865384615384616,
      "median_return": 0.05751829268292685,
      "market_return": 0.18377409233527575,
      "mean_ic_tradable": 0.04961340420522343,