{
  "config_name": "v4_exit_ts15",
  "n_features": 0,
  "feat_cols": [],
  "aggregate": {
    "n_features": 0,
    "n_folds": 16,
    "mean_ic": 0.006469639837115945,
    "mean_ic_tradable": 0.008291537237994213,
    "ic_std": 0.04277799253387571,
    "mean_sharpe": 2.287835292954753,
    "mean_return": 0.10864036082004039,
    "median_return": 0.11695587470349478,
    "mean_alpha": 0.11368169499946629,
    "mean_win_rate": 0.5184729064039408,
    "selectivity_median": 0.0012054600169362872,
    "folds_positive_ret": "14/16",
    "folds_positive_alpha": "14/16",
    "total_trades": 1624,
    "skipped_rebalances": 0
  },
  "folds": [
    {
      "fold": 1,
      "period": "2022-06->2022-09",
      "train_rows": 215868,
      "test_rows": 54053,
      "mean_ic": 0.04702670176508569,
      "ic_ir": 0.8163917034742714,
      "hit_rate_ic": 0.015151515151515152,
      "total_return": 0.2644623227623444,
      "sharpe": 6.429514599823431,
      "max_dd": -0.003523444935663188,
      "n_trades": 112,
      "win_rate": 0.5982142857142857,
      "median_return": 0.02446460235543197,
      "market_return": -0.04036560489565355,
      "mean_ic_tradable": 0.048856128626503216,
      "n_skipped_rebalances": 0,
      "avg_candidates": 754.6428571428571
    },
    {
      "fold": 2,
      "period": "2022-09->2022-12",
      "train_rows": 269921,
      "test_rows": 50790,
      "mean_ic": -0.07049516244918021,
      "ic_ir": -0.9560566774497874,
      "hit_rate_ic": 0.015384615384615385,
      "total_return": -0.11838068181030126,
      "sharpe": -6.461792687792787,
      "max_dd": -0.11252724161387262,
      "n_trades": 104,
      "win_rate": 0.3269230769230769,
      "median_return": -0.022524487361982065,
      "market_return": -0.02117647058823524,
      "mean_ic_tradable": -0.048909130303544636,
      "n_skipped_rebalances": 0,
      "avg_candidates": 703.0
    },
    {
      "fold": 3,
      "period": "2022-12->2023-03",
      "train_rows": 320711,
      "test_rows": 47974,
      "mean_ic": 0.05883643335607296,
      "ic_ir": 0.992605971829821,
      "hit_rate_ic": 0.015625,
      "total_return": 0.19144332419635246,
      "sharpe": 3.5840134494955316,
      "max_dd": -0.047330266630699794,
      "n_trades": 104,
      "win_rate": 0.5673076923076923,
      "median_return": 0.010650700863444268,
      "market_return": -0.02974239917186522,
      "mean_ic_tradable": 0.052274359147479396,
      "n_skipped_rebalances": 0,
      "avg_candidates": 673.5384615384615
    },
    {
      "fold": 4,
      "period": "2023-03->2023-06",
      "train_rows": 368685,
      "test_rows": 46785,
      "mean_ic": 0.02828537442862504,
      "ic_ir": 0.5068664707659047,
      "hit_rate_ic": 0.015384615384615385,
      "total_return": 0.3420229456062227,
      "sharpe": 4.734192103010432,
      "max_dd": -0.009382381550713172,
      "n_trades": 104,
      "win_rate": 0.625,
      "median_return": 0.026625999384993836,
      "market_return": 0.02405498281786933,
      "mean_ic_tradable": 0.02072147816883522,
      "n_skipped_rebalances": 0,
      "avg_candidates": 639.6153846153846
    },
    {
      "fold": 5,
      "period": "2023-06->2023-09",
      "train_rows": 415470,
      "test_rows": 44784,
      "mean_ic": -0.06473126319614893,
      "ic_ir": -0.9005087460756391,
      "hit_rate_ic": 0.015384615384615385,
      "total_return": 0.015495302171725678,
      "sharpe": 0.6613489379482642,
      "max_dd": -0.09147865489618727,
      "n_trades": 104,
      "win_rate": 0.4519230769230769,
      "median_return": -0.0184363120865274,
      "market_return": -0.054512962513811436,
      "mean_ic_tradable": -0.056559609674558205,
      "n_skipped_rebalances": 0,
      "avg_candidates": 618.0769230769231
    },
    {
      "fold": 6,
      "period": "2023-09->2023-12",
      "train_rows": 460254,
      "test_rows": 43788,
      "mean_ic": 0.0032395525522281674,
      "ic_ir": 0.03560310457890855,
      "hit_rate_ic": 0.015151515151515152,
      "total_return": 0.07831924716881988,
      "sharpe": 2.1570665847257646,
      "max_dd": -0.07063324857929494,
      "n_trades": 112,
      "win_rate": 0.5267857142857143,
      "median_return": 0.01964183185235819,
      "market_return": 0.03455284552845517,
      "mean_ic_tradable": 0.017988676309620918,
      "n_skipped_rebalances": 0,
      "avg_candidates": 568.7142857142857
    },
    {
      "fold": 7,
      "period": "2023-12->2024-03",
      "train_rows": 504042,
      "test_rows": 40845,
      "mean_ic": 0.0074948204184553885,
      "ic_ir": 0.1449438047534852,
      "hit_rate_ic": 0.015625,
      "total_return": 0.2187149602498777,
      "sharpe": 5.5014078099014565,
      "max_dd": -0.0012491654739518465,
      "n_trades": 104,
      "win_rate": 0.6346153846153846,
      "median_return": 0.011765944604654357,
      "market_return": -0.009033527894665438,
      "mean_ic_tradable": 0.01700745704985617,
      "n_skipped_rebalances": 0,
      "avg_candidates": 563.3846153846154
    },
    {
      "fold": 8,
      "period": "2024-03->2024-06",
      "train_rows": 544887,
      "test_rows": 39463,
      "mean_ic": 0.006938209857164365,
      "ic_ir": 0.16244507550256002,
      "hit_rate_ic": 0.015625,
      "total_return": 0.10623980184322845,
      "sharpe": 1.4141585696148766,
      "max_dd": -0.05188606712381415,
      "n_trades": 104,
      "win_rate": 0.47115384615384615,
      "median_return": -0.01031000752445442,
      "market_return": -0.039196521966527176,
      "mean_ic_tradable": 0.024448326397549514,
      "n_skipped_rebalances": 0,
      "avg_candidates": 536.3846153846154
    },
    {
      "fold": 9,
      "period": "2024-06->2024-09",
      "train_rows": 584350,
      "test_rows": 39119,
      "mean_ic": 0.044085608453384835,
      "ic_ir": 1.0063399962028503,
      "hit_rate_ic": 0.015151515151515152,
      "total_return": 0.1276719475637611,
      "sharpe": 2.704588459577798,
      "max_dd": -0.03669213600115314,
      "n_trades": 112,
      "win_rate": 0.5178571428571429,
      "median_return": 0.007782215715802072,
      "market_return": 0.059259259259259345,
      "mean_ic_tradable": 0.04805530651199505,
      "n_skipped_rebalances": 0,
      "avg_candidates": 519.5
    },
    {
      "fold": 10,
      "period": "2024-09->2025-01",
      "train_rows": 623469,
      "test_rows": 36632,
      "mean_ic": 0.034031932467551,
      "ic_ir": 0.58532440717178,
      "hit_rate_ic": 0.015384615384615385,
      "total_return": 0.17470616430225627,
      "sharpe": 3.637286765313866,
      "max_dd": -0.036749929409376776,
      "n_trades": 104,
      "win_rate": 0.5288461538461539,
      "median_return": 0.006758794196619913,
      "market_return": 0.0,
      "mean_ic_tradable": 0.023195415292467506,
      "n_skipped_rebalances": 0,
      "avg_candidates": 505.0
    },
    {
      "fold": 11,
      "period": "2025-01->2025-04",
      "train_rows": 660101,
      "test_rows": 34000,
      "mean_ic": -0.04466938049746859,
      "ic_ir": -0.4443873121448138,
      "hit_rate_ic": 0.015625,
      "total_return": -0.17220350529446882,
      "sharpe": -4.72179929019867,
      "max_dd": -0.19819358981779348,
      "n_trades": 104,
      "win_rate": 0.3269230769230769,
      "median_return": -0.09829864741986816,
      "market_return": -0.19867053722518918,
      "mean_ic_tradable": -0.042030215776764676,
      "n_skipped_rebalances": 0,
      "avg_candidates": 480.0
    },
    {
      "fold": 12,
      "period": "2025-04->2025-07",
      "train_rows": 694101,
      "test_rows": 31528,
      "mean_ic": 0.06652303280596608,
      "ic_ir": 0.8432479804855025,
      "hit_rate_ic": 0.015873015873015872,
      "total_return": 0.2007525227704514,
      "sharpe": 5.6943941669799525,
      "max_dd": -0.008186722057478774,
      "n_trades": 104,
      "win_rate": 0.6346153846153846,
      "median_return": 0.047450901803607254,
      "market_return": 0.18377409233527575,
      "mean_ic_tradable": 0.04961340420522343,
      "n_skipped_rebalances": 0,