{
  "config_name": "v4_exit_be8",
  "n_features": 0,
  "feat_cols": [],
  "aggregate": {
    "n_features": 0,
    "n_folds": 16,
    "mean_ic": 0.006469639837115945,
    "mean_ic_tradable": 0.008291537237994213,
    "ic_std": 0.04277799253387571,
    "mean_sharpe": 2.621251320239743,
    "mean_return": 0.1244139775962839,
    "median_return": 0.11816623364363454,
    "mean_alpha": 0.1294553117757098,
    "mean_win_rate": 0.48091133004926107,
    "selectivity_median": -0.00416630984111593,
    "folds_positive_ret": "13/16",
    "folds_positive_alpha": "14/16",
    "total_trades": 1624,
    "skipped_rebalances": 0
  },
  "folds": [
    {
      "fold": 1,
      "period": "2022-06->2022-09",
      "train_rows": 215868,
      "test_rows": 54053,
      "mean_ic": 0.04702670176508569,
      "ic_ir": 0.8163917034742714,
      "hit_rate_ic": 0.015151515151515152,
      "total_return": 0.33243484141557333,
      "sharpe": 7.486388121371373,
      "max_dd": -0.011186779393814697,
      "n_trades": 112,
      "win_rate": 0.5714285714285714,
      "median_return": 0.023115041990442137,
      "market_return": -0.04036560489565355,
      "mean_ic_tradable": 0.048856128626503216,
      "n_skipped_rebalances": 0,
      "avg_candidates": 754.6428571428571
    },
    {
      "fold": 2,
      "period": "2022-09->2022-12",
      "train_rows": 269921,
      "test_rows": 50790,
      "mean_ic": -0.07049516244918021,
      "ic_ir": -0.9560566774497874,
      "hit_rate_ic": 0.015384615384615385,
      "total_return": -0.12260084577319663,
      "sharpe": -5.253457281461133,
      "max_dd": -0.11967738243198672,
      "n_trades": 104,
      "win_rate": 0.2980769230769231,
      "median_return": -0.023004695693806622,
      "market_return": -0.02117647058823524,
      "mean_ic_tradable": -0.048909130303544636,
      "n_skipped_rebalances": 0,
      "avg_candidates": 703.0
    },
    {
      "fold": 3,
      "period": "2022-12->2023-03",
      "train_rows": 320711,
      "test_rows": 47974,
      "mean_ic": 0.05883643335607296,
      "ic_ir": 0.992605971829821,
      "hit_rate_ic": 0.015625,
      "total_return": 0.20869882098583092,
      "sharpe": 4.11717407376056,
      "max_dd": -0.04305014533208531,
      "n_trades": 104,
      "win_rate": 0.5384615384615384,
      "median_return": 0.0032034188603400834,
      "market_return": -0.02974239917186522,
      "mean_ic_tradable": 0.052274359147479396,
      "n_skipped_rebalances": 0,
      "avg_candidates": 673.5384615384615
    },
    {
      "fold": 4,
      "period": "2023-03->2023-06",
      "train_rows": 368685,
      "test_rows": 46785,
      "mean_ic": 0.02828537442862504,
      "ic_ir": 0.5068664707659047,
      "hit_rate_ic": 0.015384615384615385,
      "total_return": 0.427784385124252,
      "sharpe": 5.709892420044442,
      "max_dd": -0.009396437455719534,
      "n_trades": 104,
      "win_rate": 0.6153846153846154,
      "median_return": 0.025047360248447163,
      "market_return": 0.02405498281786933,
      "mean_ic_tradable": 0.02072147816883522,
      "n_skipped_rebalances": 0,
      "avg_candidates": 639.6153846153846
    },
    {
      "fold": 5,
      "period": "2023-06->2023-09",
      "train_rows": 415470,
      "test_rows": 44784,
      "mean_ic": -0.06473126319614893,
      "ic_ir": -0.9005087460756391,
      "hit_rate_ic": 0.015384615384615385,
      "total_return": 0.024831630574462915,
      "sharpe": 0.8659802013207081,
      "max_dd": -0.08828925895591698,
      "n_trades": 104,
      "win_rate": 0.4519230769230769,
      "median_return": -0.011086662196251245,
      "market_return": -0.054512962513811436,
      "mean_ic_tradable": -0.056559609674558205,
      "n_skipped_rebalances": 0,
      "avg_candidates": 618.0769230769231
    },
    {
      "fold": 6,
      "period": "2023-09->2023-12",
      "train_rows": 460254,
      "test_rows": 43788,
      "mean_ic": 0.0032395525522281674,
      "ic_ir": 0.03560310457890855,
      "hit_rate_ic": 0.015151515151515152,
      "total_return": 0.09572844295922223,
      "sharpe": 2.2282892373799688,
      "max_dd": -0.07275396940022845,
      "n_trades": 112,
      "win_rate": 0.5,
      "median_return": -0.0018162878787879044,
      "market_return": 0.03455284552845517,
      "mean_ic_tradable": 0.017988676309620918,
      "n_skipped_rebalances": 0,
      "avg_candidates": 568.7142857142857
    },
    {
      "fold": 7,
      "period": "2023-12->2024-03",
      "train_rows": 504042,
      "test_rows": 40845,
      "mean_ic": 0.0074948204184553885,
      "ic_ir": 0.1449438047534852,
      "hit_rate_ic": 0.015625,
      "total_return": 0.1753348642472996,
      "sharpe": 4.756562152010761,
      "max_dd": -0.01937105816111456,
      "n_trades": 104,
      "win_rate": 0.5384615384615384,
      "median_return": 0.006231649949088241,
      "market_return": -0.009033527894665438,
      "mean_ic_tradable": 0.01700745704985617,
      "n_skipped_rebalances": 0,
      "avg_candidates": 563.3846153846154
    },
    {
      "fold": 8,
      "period": "2024-03->2024-06",
      "train_rows": 544887,
      "test_rows": 39463,
      "mean_ic": 0.006938209857164365,
      "ic_ir": 0.16244507550256002,
      "hit_rate_ic": 0.015625,
      "total_return": 0.08015886468195976,
      "sharpe": 1.2696650729719572,
      "max_dd": -0.06624751974278242,
      "n_trades": 104,
      "win_rate": 0.46153846153846156,
      "median_return": -0.008190264891757452,
      "market_return": -0.039196521966527176,
      "mean_ic_tradable": 0.024448326397549514,
      "n_skipped_rebalances": 0,
      "avg_candidates": 536.3846153846154
    },
    {
      "fold": 9,
      "period": "2024-06->2024-09",
      "train_rows": 584350,
      "test_rows": 39119,
      "mean_ic": 0.044085608453384835,
      "ic_ir": 1.0063399962028503,
      "hit_rate_ic": 0.015151515151515152,
      "total_return": 0.16224653615542417,
      "sharpe": 3.4236032100389466,
      "max_dd": -0.023412949622355936,
      "n_trades": 112,
      "win_rate": 0.45535714285714285,
      "median_return": -0.0046597985347984995,
      "market_return": 0.059259259259259345,
      "mean_ic_tradable": 0.04805530651199505,
      "n_skipped_rebalances": 0,
      "avg_candidates": 519.5
    },
    {
      "fold": 10,
      "period": "2024-09->2025-01",
      "train_rows": 623469,
      "test_rows": 36632,
      "mean_ic": 0.034031932467551,
      "ic_ir": 0.58532440717178,
      "hit_rate_ic": 0.015384615384615385,
      "total_return": 0.14060402432804686,
      "sharpe": 2.671913945068628,
      "max_dd": -0.041084937890318356,
      "n_trades": 104,
      "win_rate": 0.4807692307692308,
      "median_return": -0.005480116568514367,
      "market_return": 0.0,
      "mean_ic_tradable": 0.023195415292467506,
      "n_skipped_rebalances": 0,
      "avg_candidates": 505.0
    },
    {
      "fold": 11,
      "period": "2025-01->2025-04",
      "train_rows": 660101,
      "test_rows": 34000,
      "mean_ic": -0.04466938049746859,
      "ic_ir": -0.4443873121448138,
      "hit_rate_ic": 0.015625,
      "total_return": -0.16237703961597905,
      "sharpe": -4.047212597779577,
      "max_dd": -0.2017361939131392,
      "n_trades": 104,
      "win_rate": 0.2692307692307692,
      "median_return": -0.07601732861118138,
      "market_return": -0.19867053722518918,
      "mean_ic_tradable": -0.042030215776764676,
      "n_skipped_rebalances": 0,
      "avg_candidates": 480.0
    },
    {
      "fold": 12,
      "period": "2025-04->2025-07",
      "train_rows": 694101,
      "test_rows": 31528,
      "mean_ic": 0.06652303280596608,
      "ic_ir": 0.8432479804855025,
      "hit_rate_ic": 0.015873015873015872,
      "total_return": 0.22592925554696253,
      "sharpe": 6.689304101221742,
      "max_dd": -0.007705490051209711,
      "n_trades": 104,
      "win_rate": 0.5480769230769231,
      "median_return": 0.026377880184331876,
      "market_return": 0.18377409233527575,
      "mean_ic_tradable": 0.04961340420522343,