{
  "config_name": "v4_filt_p2_a500k",
  "n_features": 28,
  "feat_cols": [
    "max_dd_60d",
    "vol_of_vol_60d",
    "ret_kurtosis_60d",
    "avg_trade_size_20d",
    "obv",
    "obv_vs_sma_60d",
    "amihud_60d",
    "downside_vol_60d",
    "ema_26",
    "spread_proxy_20d",
    "ret_skew_60d",
    "ret_252d",
    "sma_200",
    "sector_ret_60d",
    "realized_vol_120d",
    "macd_hist",
    "pct_from_52w_low",
    "adv_60d",
    "ret_vs_sector_60d",
    "vol_of_vol_ratio",
    "price_roc_smooth_120d",
    "vwap_dev_avg_20d",
    "reversal_20v60",
    "vol_regime_change",
    "beta_60d",
    "macd_signal",
    "dilution_pct",
    "current_ratio"
  ],
  "aggregate": {
    "n_features": 28,
    "n_folds": 16,
    "mean_ic": 0.006469639837115945,
    "mean_ic_tradable": 0.006341462912056923,
    "ic_std": 0.04277799253387571,
    "mean_sharpe": 2.638769800946861,
    "mean_return": 0.12293546957319404,
    "median_return": 0.09167313085334228,
    "mean_alpha": 0.1279768037526199,
    "mean_win_rate": 0.5147783251231527,
    "selectivity_median": -0.0005794590775771626,
    "folds_positive_ret": "13/16",
    "folds_positive_alpha": "13/16",
    "total_trades": 1624,
    "skipped_rebalances": 0
  },
  "folds": [
    {
      "fold": 1,
      "period": "2022-06->2022-09",
      "train_rows": 215868,
      "test_rows": 54053,
      "mean_ic": 0.04702670176508569,
      "ic_ir": 0.8163917034742714,
      "hit_rate_ic": 0.015151515151515152,
      "total_return": 0.33532682420961524,
      "sharpe": 6.491235532105451,
      "max_dd": -0.011496101427712884,
      "n_trades": 112,
      "win_rate": 0.5714285714285714,
      "median_return": 0.0292169185977805,
      "market_return": -0.04036560489565355,
      "mean_ic_tradable": 0.05057810052307554,
      "n_skipped_rebalances": 0,
      "avg_candidates": 747.0714285714286
    },
    {
      "fold": 2,
      "period": "2022-09->2022-12",
      "train_rows": 269921,
      "test_rows": 50790,
      "mean_ic": -0.07049516244918021,
      "ic_ir": -0.9560566774497874,
      "hit_rate_ic": 0.015384615384615385,
      "total_return": -0.09022585223334845,
      "sharpe": -3.9468020814955387,
      "max_dd": -0.08724892544304858,
      "n_trades": 104,
      "win_rate": 0.3942307692307692,
      "median_return": -0.01938193847418982,
      "market_return": -0.02117647058823524,
      "mean_ic_tradable": -0.04366761773178909,
      "n_skipped_rebalances": 0,
      "avg_candidates": 696.0
    },
    {
      "fold": 3,
      "period": "2022-12->2023-03",
      "train_rows": 320711,
      "test_rows": 47974,
      "mean_ic": 0.05883643335607296,
      "ic_ir": 0.992605971829821,
      "hit_rate_ic": 0.015625,
      "total_return": 0.17321299685699731,
      "sharpe": 3.8281578800151808,
      "max_dd": -0.03858037444100493,
      "n_trades": 104,
      "win_rate": 0.6057692307692307,
      "median_return": 0.024107851249639815,
      "market_return": -0.02974239917186522,
      "mean_ic_tradable": 0.04799818700543006,
      "n_skipped_rebalances": 0,
      "avg_candidates": 666.0
    },
    {
      "fold": 4,
      "period": "2023-03->2023-06",
      "train_rows": 368685,
      "test_rows": 46785,
      "mean_ic": 0.02828537442862504,
      "ic_ir": 0.5068664707659047,
      "hit_rate_ic": 0.015384615384615385,
      "total_return": 0.431011917158008,
      "sharpe": 5.626586992735281,
      "max_dd": -0.01083628530461662,
      "n_trades": 104,
      "win_rate": 0.6346153846153846,
      "median_return": 0.030026886100700662,
      "market_return": 0.02405498281786933,
      "mean_ic_tradable": 0.01857674182427569,
      "n_skipped_rebalances": 0,
      "avg_candidates": 629.6153846153846
    },
    {
      "fold": 5,
      "period": "2023-06->2023-09",
      "train_rows": 415470,
      "test_rows": 44784,
      "mean_ic": -0.06473126319614893,
      "ic_ir": -0.9005087460756391,
      "hit_rate_ic": 0.015384615384615385,
      "total_return": 0.08932813909268389,
      "sharpe": 2.6082839906510458,
      "max_dd": -0.040265674487835204,
      "n_trades": 104,
      "win_rate": 0.5288461538461539,
      "median_return": 0.004847878636325712,
      "market_return": -0.054512962513811436,
      "mean_ic_tradable": -0.052393689245327016,
      "n_skipped_rebalances": 0,
      "avg_candidates": 608.5384615384615
    },
    {
      "fold": 6,
      "period": "2023-09->2023-12",
      "train_rows": 460254,
      "test_rows": 43788,
      "mean_ic": 0.0032395525522281674,
      "ic_ir": 0.03560310457890855,
      "hit_rate_ic": 0.015151515151515152,
      "total_return": 0.09399285341109143,
      "sharpe": 2.002239134204205,
      "max_dd": -0.08882971695979228,
      "n_trades": 112,
      "win_rate": 0.5267857142857143,
      "median_return": 0.016894527132436582,
      "market_return": 0.03455284552845517,
      "mean_ic_tradable": 0.016468891857176555,
      "n_skipped_rebalances": 0,
      "avg_candidates": 558.7857142857143
    },
    {
      "fold": 7,
      "period": "2023-12->2024-03",
      "train_rows": 504042,
      "test_rows": 40845,
      "mean_ic": 0.0074948204184553885,
      "ic_ir": 0.1449438047534852,
      "hit_rate_ic": 0.015625,
      "total_return": 0.23544619839817926,
      "sharpe": 6.632206232024522,
      "max_dd": -0.006100378737369422,
      "n_trades": 104,
      "win_rate": 0.5769230769230769,
      "median_return": 0.010192504757722133,
      "market_return": -0.009033527894665438,
      "mean_ic_tradable": 0.017708682769159337,
      "n_skipped_rebalances": 0,
      "avg_candidates": 554.7692307692307
    },
    {
      "fold": 8,
      "period": "2024-03->2024-06",
      "train_rows": 544887,
      "test_rows": 39463,
      "mean_ic": 0.006938209857164365,
      "ic_ir": 0.16244507550256002,
      "hit_rate_ic": 0.015625,
      "total_return": 0.05596588772833622,
      "sharpe": 1.0883098378659986,
      "max_dd": -0.05950482352127613,
      "n_trades": 104,
      "win_rate": 0.4807692307692308,
      "median_return": -0.015258010737867365,
      "market_return": -0.039196521966527176,
      "mean_ic_tradable": 0.026350914156863012,
      "n_skipped_rebalances": 0,
      "avg_candidates": 529.2307692307693
    },
    {
      "fold": 9,
      "period": "2024-06->2024-09",
      "train_rows": 584350,
      "test_rows": 39119,
      "mean_ic": 0.044085608453384835,
      "ic_ir": 1.0063399962028503,
      "hit_rate_ic": 0.015151515151515152,
      "total_return": 0.08935340829559313,
      "sharpe": 2.2918199099682246,
      "max_dd": -0.03328242768563907,
      "n_trades": 112,
      "win_rate": 0.49107142857142855,
      "median_return": -0.0038238547963374255,
      "market_return": 0.059259259259259345,
      "mean_ic_tradable": 0.0405850559893725,
      "n_skipped_rebalances": 0,
      "avg_candidates": 511.2142857142857
    },
    {
      "fold": 10,
      "period": "2024-09->2025-01",
      "train_rows": 623469,
      "test_rows": 36632,
      "mean_ic": 0.034031932467551,
      "ic_ir": 0.58532440717178,
      "hit_rate_ic": 0.015384615384615385,
      "total_return": 0.12459266114663792,
      "sharpe": 2.4343830238916806,
      "max_dd": -0.05387284372588754,
      "n_trades": 104,
      "win_rate": 0.4519230769230769,
      "median_return": -0.019972056887654167,
      "market_return": 0.0,
      "mean_ic_tradable": 0.01464645441912568,
      "n_skipped_rebalances": 0,
      "avg_candidates": 498.61538461538464
    },
    {
      "fold": 11,
      "period": "2025-01->2025-04",
      "train_rows": 660101,
      "test_rows": 34000,
      "mean_ic": -0.04466938049746859,
      "ic_ir": -0.4443873121448138,
      "hit_rate_ic": 0.015625,
      "total_return": -0.1724489204842835,
      "sharpe": -4.658230713321987,
      "max_dd": -0.20732885349097105,
      "n_trades": 104,
      "win_rate": 0.3076923076923077,
      "median_return": -0.10234341595186522,
      "market_return": -0.19867053722518918,
      "mean_ic_tradable": -0.04399827391762457,
      "n_skipped_rebalances": 0,