{
  "config_name": "v4_filt_p2_a300k",
  "n_features": 28,
  "feat_cols": [
    "max_dd_60d",
    "vol_of_vol_60d",
    "ret_kurtosis_60d",
    "avg_trade_size_20d",
    "obv",
    "obv_vs_sma_60d",
    "amihud_60d",
    "downside_vol_60d",
    "ema_26",
    "spread_proxy_20d",
    "ret_skew_60d",
    "ret_252d",
    "sma_200",
    "sector_ret_60d",
    "realized_vol_120d",
    "macd_hist",
    "pct_from_52w_low",
    "adv_60d",
    "ret_vs_sector_60d",
    "vol_of_vol_ratio",
    "price_roc_smooth_120d",
    "vwap_dev_avg_20d",
    "reversal_20v60",
    "vol_regime_change",
    "beta_60d",
    "macd_signal",
    "dilution_pct",
    "current_ratio"
  ],
  "aggregate": {
    "n_features": 28,
    "n_folds": 16,
    "mean_ic": 0.006469639837115945,
    "mean_ic_tradable": 0.004430323827382741,
    "ic_std": 0.04277799253387571,
    "mean_sharpe": 2.7032106576308648,
    "mean_return": 0.13383589708876487,
    "median_return": 0.09403535755388825,
    "mean_alpha": 0.13887723126819074,
    "mean_win_rate": 0.5153940886699507,
    "selectivity_median": -0.0009405198517806572,
    "folds_positive_ret": "14/16",
    "folds_positive_alpha": "15/16",
    "total_trades": 1624,
    "skipped_rebalances": 0
  },
  "folds": [
    {
      "fold": 1,
      "period": "2022-06->2022-09",
      "train_rows": 215868,
      "test_rows": 54053,
      "mean_ic": 0.04702670176508569,
      "ic_ir": 0.8163917034742714,
      "hit_rate_ic": 0.015151515151515152,
      "total_return": 0.2309981177773457,
      "sharpe": 6.240296614213745,
      "max_dd": -0.01361260217001649,
      "n_trades": 112,
      "win_rate": 0.5357142857142857,
      "median_return": 0.020149219883889714,
      "market_return": -0.04036560489565355,
      "mean_ic_tradable": 0.050827858887042596,
      "n_skipped_rebalances": 0,
      "avg_candidates": 762.5
    },
    {
      "fold": 2,
      "period": "2022-09->2022-12",
      "train_rows": 269921,
      "test_rows": 50790,
      "mean_ic": -0.07049516244918021,
      "ic_ir": -0.9560566774497874,
      "hit_rate_ic": 0.015384615384615385,
      "total_return": -0.12237541818482423,
      "sharpe": -6.358075199466432,
      "max_dd": -0.11800182203507517,
      "n_trades": 104,
      "win_rate": 0.3942307692307692,
      "median_return": -0.02126725086783509,
      "market_return": -0.02117647058823524,
      "mean_ic_tradable": -0.053001389285406396,
      "n_skipped_rebalances": 0,
      "avg_candidates": 714.1538461538462
    },
    {
      "fold": 3,
      "period": "2022-12->2023-03",
      "train_rows": 320711,
      "test_rows": 47974,
      "mean_ic": 0.05883643335607296,
      "ic_ir": 0.992605971829821,
      "hit_rate_ic": 0.015625,
      "total_return": 0.1860282708762413,
      "sharpe": 4.422578931678281,
      "max_dd": -0.027061280720737765,
      "n_trades": 104,
      "win_rate": 0.625,
      "median_return": 0.03253843255099366,
      "market_return": -0.02974239917186522,
      "mean_ic_tradable": 0.05306797876133044,
      "n_skipped_rebalances": 0,
      "avg_candidates": 683.0
    },
    {
      "fold": 4,
      "period": "2023-03->2023-06",
      "train_rows": 368685,
      "test_rows": 46785,
      "mean_ic": 0.02828537442862504,
      "ic_ir": 0.5068664707659047,
      "hit_rate_ic": 0.015384615384615385,
      "total_return": 0.4215703928388197,
      "sharpe": 5.465220797227861,
      "max_dd": -0.01083628530461662,
      "n_trades": 104,
      "win_rate": 0.625,
      "median_return": 0.026217906678543096,
      "market_return": 0.02405498281786933,
      "mean_ic_tradable": 0.019823944731945396,
      "n_skipped_rebalances": 0,
      "avg_candidates": 645.6923076923077
    },
    {
      "fold": 5,
      "period": "2023-06->2023-09",
      "train_rows": 415470,
      "test_rows": 44784,
      "mean_ic": -0.06473126319614893,
      "ic_ir": -0.9005087460756391,
      "hit_rate_ic": 0.015384615384615385,
      "total_return": 0.07697956783205417,
      "sharpe": 2.405017327243062,
      "max_dd": -0.04026567448783532,
      "n_trades": 104,
      "win_rate": 0.5096153846153846,
      "median_return": 0.0027545114061967406,
      "market_return": -0.054512962513811436,
      "mean_ic_tradable": -0.058471692708720796,
      "n_skipped_rebalances": 0,
      "avg_candidates": 623.3846153846154
    },
    {
      "fold": 6,
      "period": "2023-09->2023-12",
      "train_rows": 460254,
      "test_rows": 43788,
      "mean_ic": 0.0032395525522281674,
      "ic_ir": 0.03560310457890855,
      "hit_rate_ic": 0.015151515151515152,
      "total_return": 0.0789248876592894,
      "sharpe": 1.7815962862284054,
      "max_dd": -0.08882971695979228,
      "n_trades": 112,
      "win_rate": 0.5267857142857143,
      "median_return": 0.016894527132436582,
      "market_return": 0.03455284552845517,
      "mean_ic_tradable": 0.013057114268995123,
      "n_skipped_rebalances": 0,
      "avg_candidates": 579.0
    },
    {
      "fold": 7,
      "period": "2023-12->2024-03",
      "train_rows": 504042,
      "test_rows": 40845,
      "mean_ic": 0.0074948204184553885,
      "ic_ir": 0.1449438047534852,
      "hit_rate_ic": 0.015625,
      "total_return": 0.23376419819028182,
      "sharpe": 6.717359566828231,
      "max_dd": -0.0021906467073243893,
      "n_trades": 104,
      "win_rate": 0.5673076923076923,
      "median_return": 0.010192504757722133,
      "market_return": -0.009033527894665438,
      "mean_ic_tradable": 0.014843418120598318,
      "n_skipped_rebalances": 0,
      "avg_candidates": 572.3846153846154
    },
    {
      "fold": 8,
      "period": "2024-03->2024-06",
      "train_rows": 544887,
      "test_rows": 39463,
      "mean_ic": 0.006938209857164365,
      "ic_ir": 0.16244507550256002,
      "hit_rate_ic": 0.015625,
      "total_return": 0.05154361918690564,
      "sharpe": 1.0697956464280094,
      "max_dd": -0.05716334396270589,
      "n_trades": 104,
      "win_rate": 0.4519230769230769,
      "median_return": -0.03360556968804385,
      "market_return": -0.039196521966527176,
      "mean_ic_tradable": 0.020293260585025195,
      "n_skipped_rebalances": 0,
      "avg_candidates": 547.9230769230769
    },
    {
      "fold": 9,
      "period": "2024-06->2024-09",
      "train_rows": 584350,
      "test_rows": 39119,
      "mean_ic": 0.044085608453384835,
      "ic_ir": 1.0063399962028503,
      "hit_rate_ic": 0.015151515151515152,
      "total_return": 0.10914582744848711,
      "sharpe": 3.0393064039328532,
      "max_dd": -0.04399774674694361,
      "n_trades": 112,
      "win_rate": 0.5,
      "median_return": 6.54504921234055e-05,
      "market_return": 0.059259259259259345,
      "mean_ic_tradable": 0.036851269849849745,
      "n_skipped_rebalances": 0,
      "avg_candidates": 526.2142857142857
    },
    {
      "fold": 10,
      "period": "2024-09->2025-01",
      "train_rows": 623469,
      "test_rows": 36632,
      "mean_ic": 0.034031932467551,
      "ic_ir": 0.58532440717178,
      "hit_rate_ic": 0.015384615384615385,
      "total_return": 0.29292694603671765,
      "sharpe": 2.9992044629940824,
      "max_dd": -0.039789719614889404,
      "n_trades": 104,
      "win_rate": 0.47115384615384615,
      "median_return": -0.01704384724186707,
      "market_return": 0.0,
      "mean_ic_tradable": 0.012411968119756958,
      "n_skipped_rebalances": 0,
      "avg_candidates": 514.9230769230769
    },
    {
      "fold": 11,
      "period": "2025-01->2025-04",
      "train_rows": 660101,
      "test_rows": 34000,
      "mean_ic": -0.04466938049746859,
      "ic_ir": -0.4443873121448138,
      "hit_rate_ic": 0.015625,
      "total_return": -0.17436477070098655,
      "sharpe": -4.687512648242503,
      "max_dd": -0.20905794143876735,
      "n_trades": 104,
      "win_rate": 0.3076923076923077,
      "median_return": -0.10261537610832236,
      "market_return": -0.19867053722518918,
      "mean_ic_tradable": -0.04663381942660273,
      "n_skipped_rebalances": 0,