{
  "config_name": "v4_feat_A_fundamentals",
  "n_features": 33,
  "feat_cols": [
    "max_dd_60d",
    "vol_of_vol_60d",
    "ret_kurtosis_60d",
    "avg_trade_size_20d",
    "obv",
    "obv_vs_sma_60d",
    "amihud_60d",
    "downside_vol_60d",
    "ema_26",
    "spread_proxy_20d",
    "ret_skew_60d",
    "ret_252d",
    "sma_200",
    "sector_ret_60d",
    "realized_vol_120d",
    "macd_hist",
    "pct_from_52w_low",
    "adv_60d",
    "ret_vs_sector_60d",
    "vol_of_vol_ratio",
    "price_roc_smooth_120d",
    "vwap_dev_avg_20d",
    "reversal_20v60",
    "vol_regime_change",
    "beta_60d",
    "macd_signal",
    "dilution_pct",
    "current_ratio",
    "roe",
    "leverage",
    "cash_ratio",
    "revenue_growth",
    "cash_runway_months"
  ],
  "aggregate": {
    "n_features": 33,
    "n_folds": 16,
    "mean_ic": 0.006871694675088719,
    "mean_ic_tradable": 0.007903745771589796,
    "ic_std": 0.04385615278650035,
    "mean_sharpe": 2.34336315092784,
    "mean_return": 0.07415979382810922,
    "median_return": 0.073790350483671,
    "mean_alpha": 0.07920112800753512,
    "mean_win_rate": 0.49261083743842365,
    "selectivity_median": -0.00594066334222812,
    "folds_positive_ret": "13/16",
    "folds_positive_alpha": "14/16",
    "total_trades": 1624,
    "skipped_rebalances": 0
  },
  "folds": [
    {
      "fold": 1,
      "period": "2022-06->2022-09",
      "train_rows": 215868,
      "test_rows": 54053,
      "mean_ic": 0.051436012485784284,
      "ic_ir": 0.6972559866016065,
      "hit_rate_ic": 0.015151515151515152,
      "total_return": 0.12527954610274006,
      "sharpe": 2.768172817295232,
      "max_dd": -0.06489326876533576,
      "n_trades": 112,
      "win_rate": 0.45535714285714285,
      "median_return": -0.011759142754846285,
      "market_return": -0.04036560489565355,
      "mean_ic_tradable": 0.05665751839017053,
      "n_skipped_rebalances": 0,
      "avg_candidates": 754.6428571428571
    },
    {
      "fold": 2,
      "period": "2022-09->2022-12",
      "train_rows": 269921,
      "test_rows": 50790,
      "mean_ic": -0.045166649036433984,
      "ic_ir": -0.5219279780429892,
      "hit_rate_ic": 0.015384615384615385,
      "total_return": -0.06621161628448169,
      "sharpe": -2.187563454138791,
      "max_dd": -0.08642137609922317,
      "n_trades": 104,
      "win_rate": 0.4326923076923077,
      "median_return": -0.005518867282760774,
      "market_return": -0.02117647058823524,
      "mean_ic_tradable": -0.02543729889777963,
      "n_skipped_rebalances": 0,
      "avg_candidates": 703.0
    },
    {
      "fold": 3,
      "period": "2022-12->2023-03",
      "train_rows": 320711,
      "test_rows": 47974,
      "mean_ic": 0.060165131597533734,
      "ic_ir": 0.6932452629701461,
      "hit_rate_ic": 0.015625,
      "total_return": 0.02923422534241471,
      "sharpe": 0.9781977117215842,
      "max_dd": -0.09150317607045691,
      "n_trades": 104,
      "win_rate": 0.5,
      "median_return": -0.0011880699504409425,
      "market_return": -0.02974239917186522,
      "mean_ic_tradable": 0.05060504096275434,
      "n_skipped_rebalances": 0,
      "avg_candidates": 673.5384615384615
    },
    {
      "fold": 4,
      "period": "2023-03->2023-06",
      "train_rows": 368685,
      "test_rows": 46785,
      "mean_ic": 0.011605440909822682,
      "ic_ir": 0.20285779836727022,
      "hit_rate_ic": 0.015384615384615385,
      "total_return": 0.10756190400819876,
      "sharpe": 2.178180788038561,
      "max_dd": -0.09656565303934361,
      "n_trades": 104,
      "win_rate": 0.47115384615384615,
      "median_return": -0.008930460567219838,
      "market_return": 0.02405498281786933,
      "mean_ic_tradable": 0.0070251075130397,
      "n_skipped_rebalances": 0,
      "avg_candidates": 639.6153846153846
    },
    {
      "fold": 5,
      "period": "2023-06->2023-09",
      "train_rows": 415470,
      "test_rows": 44784,
      "mean_ic": -0.03871783728488461,
      "ic_ir": -0.7718199326482792,
      "hit_rate_ic": 0.015384615384615385,
      "total_return": 0.02336517937447047,
      "sharpe": 1.2970904528608507,
      "max_dd": -0.026663749507931763,
      "n_trades": 104,
      "win_rate": 0.47115384615384615,
      "median_return": -0.01106317645993068,
      "market_return": -0.054512962513811436,
      "mean_ic_tradable": -0.0438236411576834,
      "n_skipped_rebalances": 0,
      "avg_candidates": 618.0769230769231
    },
    {
      "fold": 6,
      "period": "2023-09->2023-12",
      "train_rows": 460254,
      "test_rows": 43788,
      "mean_ic": -0.01943638270908339,
      "ic_ir": -0.23818309540920107,
      "hit_rate_ic": 0.015151515151515152,
      "total_return": 0.08241934917288485,
      "sharpe": 2.65642009171393,
      "max_dd": -0.031377189521815306,
      "n_trades": 112,
      "win_rate": 0.5178571428571429,
      "median_return": 0.01066587097643788,
      "market_return": 0.03455284552845517,
      "mean_ic_tradable": -0.015061190736379518,
      "n_skipped_rebalances": 0,
      "avg_candidates": 568.7142857142857
    },
    {
      "fold": 7,
      "period": "2023-12->2024-03",
      "train_rows": 504042,
      "test_rows": 40845,
      "mean_ic": -0.022800475104867542,
      "ic_ir": -0.27896692214516244,
      "hit_rate_ic": 0.015625,
      "total_return": 0.10064566790146667,
      "sharpe": 2.235208596855374,
      "max_dd": -0.08902720791167115,
      "n_trades": 104,
      "win_rate": 0.49038461538461536,
      "median_return": -0.003838100973602294,
      "market_return": -0.009033527894665438,
      "mean_ic_tradable": -0.016543075721744353,
      "n_skipped_rebalances": 0,
      "avg_candidates": 563.3846153846154
    },
    {
      "fold": 8,
      "period": "2024-03->2024-06",
      "train_rows": 544887,
      "test_rows": 39463,
      "mean_ic": -0.00604674128807772,
      "ic_ir": -0.1288642893635832,
      "hit_rate_ic": 0.015625,
      "total_return": -0.11307673338422153,
      "sharpe": -3.663486932168652,
      "max_dd": -0.14149151468609117,
      "n_trades": 104,
      "win_rate": 0.40384615384615385,
      "median_return": -0.06248249935602372,
      "market_return": -0.039196521966527176,
      "mean_ic_tradable": -0.0007094688735383614,
      "n_skipped_rebalances": 0,
      "avg_candidates": 536.3846153846154
    },
    {
      "fold": 9,
      "period": "2024-06->2024-09",
      "train_rows": 584350,
      "test_rows": 39119,
      "mean_ic": 0.06742012725065169,
      "ic_ir": 1.334059764168787,
      "hit_rate_ic": 0.015151515151515152,
      "total_return": 0.06516135179445715,
      "sharpe": 2.3324313199687303,
      "max_dd": -0.03235767831527136,
      "n_trades": 112,
      "win_rate": 0.6071428571428571,
      "median_return": 0.025899418715727845,
      "market_return": 0.059259259259259345,
      "mean_ic_tradable": 0.07080508744812186,
      "n_skipped_rebalances": 0,
      "avg_candidates": 519.5
    },
    {
      "fold": 10,
      "period": "2024-09->2025-01",
      "train_rows": 623469,
      "test_rows": 36632,
      "mean_ic": 0.03311289664981316,
      "ic_ir": 0.739906811372086,
      "hit_rate_ic": 0.015384615384615385,
      "total_return": 0.12765964204080982,
      "sharpe": 2.582930814324163,
      "max_dd": -0.04192278065753511,
      "n_trades": 104,
      "win_rate": 0.4230769230769231,
      "median_return": -0.02865416392328437,
      "market_return": 0.0,
      "mean_ic_tradable": 0.03639904591207818,
      "n_skipped_rebalances": 0,
      "avg_candidates": 505.0
    },
    {
      "fold": 11,
      "period": "2025-01->2025-04",
      "train_rows": 660101,
      "test_rows": 34000,
      "mean_ic": -0.018540767798672066,
      "ic_ir": -0.28513423336613647,
      "hit_rate_ic": 0.015625,
      "total_return": -0.05110948708770657,
      "sharpe": -1.6743535210406029,
      "max_dd": -0.09079898915546052,
      "n_trades": 104,
      "win_rate": 0.46153846153846156,
      "median_return": -0.024465215920622348,