{
  "config_name": "v4_filt_p1.5_a300k",
  "n_features": 28,
  "feat_cols": [
    "max_dd_60d",
    "vol_of_vol_60d",
    "ret_kurtosis_60d",
    "avg_trade_size_20d",
    "obv",
    "obv_vs_sma_60d",
    "amihud_60d",
    "downside_vol_60d",
    "ema_26",
    "spread_proxy_20d",
    "ret_skew_60d",
    "ret_252d",
    "sma_200",
    "sector_ret_60d",
    "realized_vol_120d",
    "macd_hist",
    "pct_from_52w_low",
    "adv_60d",
    "ret_vs_sector_60d",
    "vol_of_vol_ratio",
    "price_roc_smooth_120d",
    "vwap_dev_avg_20d",
    "reversal_20v60",
    "vol_regime_change",
    "beta_60d",
    "macd_signal",
    "dilution_pct",
    "current_ratio"
  ],
  "aggregate": {
    "n_features": 28,
    "n_folds": 16,
    "mean_ic": 0.006469639837115945,
    "mean_ic_tradable": 0.0065734205208406345,
    "ic_std": 0.04277799253387571,
    "mean_sharpe": 2.6049535062409337,
    "mean_return": 0.14117827657394005,
    "median_return": 0.165448100845224,
    "mean_alpha": 0.14621961075336593,
    "mean_win_rate": 0.5166256157635468,
    "selectivity_median": -0.0022101130138397953,
    "folds_positive_ret": "14/16",
    "folds_positive_alpha": "15/16",
    "total_trades": 1624,
    "skipped_rebalances": 0
  },
  "folds": [
    {
      "fold": 1,
      "period": "2022-06->2022-09",
      "train_rows": 215868,
      "test_rows": 54053,
      "mean_ic": 0.04702670176508569,
      "ic_ir": 0.8163917034742714,
      "hit_rate_ic": 0.015151515151515152,
      "total_return": 0.2285499372206321,
      "sharpe": 4.6232063256225935,
      "max_dd": -0.02921080674467157,
      "n_trades": 112,
      "win_rate": 0.5625,
      "median_return": 0.014479166666666696,
      "market_return": -0.04036560489565355,
      "mean_ic_tradable": 0.048224631390069314,
      "n_skipped_rebalances": 0,
      "avg_candidates": 771.2142857142857
    },
    {
      "fold": 2,
      "period": "2022-09->2022-12",
      "train_rows": 269921,
      "test_rows": 50790,
      "mean_ic": -0.07049516244918021,
      "ic_ir": -0.9560566774497874,
      "hit_rate_ic": 0.015384615384615385,
      "total_return": -0.14199129362966645,
      "sharpe": -6.371657184345587,
      "max_dd": -0.1379221169623726,
      "n_trades": 104,
      "win_rate": 0.375,
      "median_return": -0.051562709590878573,
      "market_return": -0.02117647058823524,
      "mean_ic_tradable": -0.06034601709527641,
      "n_skipped_rebalances": 0,
      "avg_candidates": 722.8461538461538
    },
    {
      "fold": 3,
      "period": "2022-12->2023-03",
      "train_rows": 320711,
      "test_rows": 47974,
      "mean_ic": 0.05883643335607296,
      "ic_ir": 0.992605971829821,
      "hit_rate_ic": 0.015625,
      "total_return": 0.23058377568634403,
      "sharpe": 4.651716858126866,
      "max_dd": -0.029509306407063937,
      "n_trades": 104,
      "win_rate": 0.625,
      "median_return": 0.03253843255099366,
      "market_return": -0.02974239917186522,
      "mean_ic_tradable": 0.05711135498131206,
      "n_skipped_rebalances": 0,
      "avg_candidates": 691.7692307692307
    },
    {
      "fold": 4,
      "period": "2023-03->2023-06",
      "train_rows": 368685,
      "test_rows": 46785,
      "mean_ic": 0.02828537442862504,
      "ic_ir": 0.5068664707659047,
      "hit_rate_ic": 0.015384615384615385,
      "total_return": 0.42960894000520566,
      "sharpe": 5.7604944657687875,
      "max_dd": -0.008112916649701958,
      "n_trades": 104,
      "win_rate": 0.6346153846153846,
      "median_return": 0.03175403225806449,
      "market_return": 0.02405498281786933,
      "mean_ic_tradable": 0.020891279988406977,
      "n_skipped_rebalances": 0,
      "avg_candidates": 656.3076923076923
    },
    {
      "fold": 5,
      "period": "2023-06->2023-09",
      "train_rows": 415470,
      "test_rows": 44784,
      "mean_ic": -0.06473126319614893,
      "ic_ir": -0.9005087460756391,
      "hit_rate_ic": 0.015384615384615385,
      "total_return": 0.028531992536736217,
      "sharpe": 0.8978018222194938,
      "max_dd": -0.08898203893369781,
      "n_trades": 104,
      "win_rate": 0.4519230769230769,
      "median_return": -0.027302392325686632,
      "market_return": -0.054512962513811436,
      "mean_ic_tradable": -0.06249765826855208,
      "n_skipped_rebalances": 0,
      "avg_candidates": 634.9230769230769
    },
    {
      "fold": 6,
      "period": "2023-09->2023-12",
      "train_rows": 460254,
      "test_rows": 43788,
      "mean_ic": 0.0032395525522281674,
      "ic_ir": 0.03560310457890855,
      "hit_rate_ic": 0.015151515151515152,
      "total_return": 0.10567923785358846,
      "sharpe": 2.5019461889023513,
      "max_dd": -0.06472724900277603,
      "n_trades": 112,
      "win_rate": 0.5267857142857143,
      "median_return": 0.027367262578405226,
      "market_return": 0.03455284552845517,
      "mean_ic_tradable": 0.014749520504592563,
      "n_skipped_rebalances": 0,
      "avg_candidates": 589.9285714285714
    },
    {
      "fold": 7,
      "period": "2023-12->2024-03",
      "train_rows": 504042,
      "test_rows": 40845,
      "mean_ic": 0.0074948204184553885,
      "ic_ir": 0.1449438047534852,
      "hit_rate_ic": 0.015625,
      "total_return": 0.23947210282989428,
      "sharpe": 6.6813993157794345,
      "max_dd": -0.001854484793111301,
      "n_trades": 104,
      "win_rate": 0.5769230769230769,
      "median_return": 0.01090638240025373,
      "market_return": -0.009033527894665438,
      "mean_ic_tradable": 0.016098747244962842,
      "n_skipped_rebalances": 0,
      "avg_candidates": 582.4615384615385
    },
    {
      "fold": 8,
      "period": "2024-03->2024-06",
      "train_rows": 544887,
      "test_rows": 39463,
      "mean_ic": 0.006938209857164365,
      "ic_ir": 0.16244507550256002,
      "hit_rate_ic": 0.015625,
      "total_return": 0.06623662029548161,
      "sharpe": 1.115530628565712,
      "max_dd": -0.061303813493821885,
      "n_trades": 104,
      "win_rate": 0.4519230769230769,
      "median_return": -0.03360556968804385,
      "market_return": -0.039196521966527176,
      "mean_ic_tradable": 0.018008971081619564,
      "n_skipped_rebalances": 0,
      "avg_candidates": 555.9230769230769
    },
    {
      "fold": 9,
      "period": "2024-06->2024-09",
      "train_rows": 584350,
      "test_rows": 39119,
      "mean_ic": 0.044085608453384835,
      "ic_ir": 1.0063399962028503,
      "hit_rate_ic": 0.015151515151515152,
      "total_return": 0.22521696383685952,
      "sharpe": 4.4203127643882345,
      "max_dd": -0.03404828990305486,
      "n_trades": 112,
      "win_rate": 0.5357142857142857,
      "median_return": 0.018310447544318598,
      "market_return": 0.059259259259259345,
      "mean_ic_tradable": 0.04307175989746793,
      "n_skipped_rebalances": 0,
      "avg_candidates": 535.2857142857143
    },
    {
      "fold": 10,
      "period": "2024-09->2025-01",
      "train_rows": 623469,
      "test_rows": 36632,
      "mean_ic": 0.034031932467551,
      "ic_ir": 0.58532440717178,
      "hit_rate_ic": 0.015384615384615385,
      "total_return": 0.3134507424601969,
      "sharpe": 3.521914066062338,
      "max_dd": -0.023455607953538807,
      "n_trades": 104,
      "win_rate": 0.5288461538461539,
      "median_return": 0.010063388964334188,
      "market_return": 0.0,
      "mean_ic_tradable": 0.021904046431654885,
      "n_skipped_rebalances": 0,
      "avg_candidates": 522.5384615384615
    },
    {
      "fold": 11,
      "period": "2025-01->2025-04",
      "train_rows": 660101,
      "test_rows": 34000,
      "mean_ic": -0.04466938049746859,
      "ic_ir": -0.4443873121448138,
      "hit_rate_ic": 0.015625,
      "total_return": -0.19224836455931504,
      "sharpe": -4.985661091613519,
      "max_dd": -0.22579641036428322,
      "n_trades": 104,
      "win_rate": 0.28846153846153844,
      "median_return": -0.10642798174455426,
      "market_return": -0.19867053722518918,
      "mean_ic_tradable": -0.04415379694647335,
      "n_skipped_rebalances": 0,