{
  "config_name": "v4_feat_B_micro",
  "n_features": 40,
  "feat_cols": [
    "max_dd_60d",
    "vol_of_vol_60d",
    "ret_kurtosis_60d",
    "avg_trade_size_20d",
    "obv",
    "obv_vs_sma_60d",
    "amihud_60d",
    "downside_vol_60d",
    "ema_26",
    "spread_proxy_20d",
    "ret_skew_60d",
    "ret_252d",
    "sma_200",
    "sector_ret_60d",
    "realized_vol_120d",
    "macd_hist",
    "pct_from_52w_low",
    "adv_60d",
    "ret_vs_sector_60d",
    "vol_of_vol_ratio",
    "price_roc_smooth_120d",
    "vwap_dev_avg_20d",
    "reversal_20v60",
    "vol_regime_change",
    "beta_60d",
    "macd_signal",
    "dilution_pct",
    "current_ratio",
    "up_volume_pct_5d",
    "up_volume_pct_20d",
    "trade_size_ratio",
    "cs_spread_20d",
    "vwap_dev_zscore",
    "ret_autocorr_20d",
    "ret_autocorr_60d",
    "info_ratio_20d",
    "info_ratio_60d",
    "vol_price_corr_20d",
    "max_dd_20d",
    "ret_skew_20d"
  ],
  "aggregate": {
    "n_features": 40,
    "n_folds": 16,
    "mean_ic": 0.005787169765276869,
    "mean_ic_tradable": 0.006679318000100519,
    "ic_std": 0.04913177107454055,
    "mean_sharpe": 2.005049458348158,
    "mean_return": 0.09784589537492776,
    "median_return": 0.086806376786841,
    "mean_alpha": 0.10288722955435364,
    "mean_win_rate": 0.48091133004926107,
    "selectivity_median": -0.012108737195430392,
    "folds_positive_ret": "10/16",
    "folds_positive_alpha": "11/16",
    "total_trades": 1624,
    "skipped_rebalances": 0
  },
  "folds": [
    {
      "fold": 1,
      "period": "2022-06->2022-09",
      "train_rows": 215868,
      "test_rows": 54053,
      "mean_ic": 0.03630453532663797,
      "ic_ir": 0.9635130118082907,
      "hit_rate_ic": 0.015151515151515152,
      "total_return": 0.19114310896379139,
      "sharpe": 3.107664368462784,
      "max_dd": -0.09150530633970556,
      "n_trades": 112,
      "win_rate": 0.45535714285714285,
      "median_return": -0.00787361258673466,
      "market_return": -0.04036560489565355,
      "mean_ic_tradable": 0.03726674492934608,
      "n_skipped_rebalances": 0,
      "avg_candidates": 754.6428571428571
    },
    {
      "fold": 2,
      "period": "2022-09->2022-12",
      "train_rows": 269921,
      "test_rows": 50790,
      "mean_ic": -0.08542463905795689,
      "ic_ir": -1.291435959530197,
      "hit_rate_ic": 0.015384615384615385,
      "total_return": -0.09092202096376234,
      "sharpe": -3.096513169884991,
      "max_dd": -0.12134517713643883,
      "n_trades": 104,
      "win_rate": 0.3557692307692308,
      "median_return": -0.04502327935222676,
      "market_return": -0.02117647058823524,
      "mean_ic_tradable": -0.06333269746787995,
      "n_skipped_rebalances": 0,
      "avg_candidates": 703.0
    },
    {
      "fold": 3,
      "period": "2022-12->2023-03",
      "train_rows": 320711,
      "test_rows": 47974,
      "mean_ic": 0.061855618570636595,
      "ic_ir": 1.1029842196555106,
      "hit_rate_ic": 0.015625,
      "total_return": 0.09700156649181069,
      "sharpe": 1.7157521873197996,
      "max_dd": -0.14241673972474725,
      "n_trades": 104,
      "win_rate": 0.47115384615384615,
      "median_return": -0.0373419613561794,
      "market_return": -0.02974239917186522,
      "mean_ic_tradable": 0.05632158193398065,
      "n_skipped_rebalances": 0,
      "avg_candidates": 673.5384615384615
    },
    {
      "fold": 4,
      "period": "2023-03->2023-06",
      "train_rows": 368685,
      "test_rows": 46785,
      "mean_ic": 0.017217982883849334,
      "ic_ir": 0.3196810346363451,
      "hit_rate_ic": 0.015384615384615385,
      "total_return": 0.1571819051851997,
      "sharpe": 3.887986160429739,
      "max_dd": -0.03570434225418294,
      "n_trades": 104,
      "win_rate": 0.5288461538461539,
      "median_return": 0.015809662781721318,
      "market_return": 0.02405498281786933,
      "mean_ic_tradable": 0.006488076688228954,
      "n_skipped_rebalances": 0,
      "avg_candidates": 639.6153846153846
    },
    {
      "fold": 5,
      "period": "2023-06->2023-09",
      "train_rows": 415470,
      "test_rows": 44784,
      "mean_ic": -0.03156471053365105,
      "ic_ir": -0.5216020011061047,
      "hit_rate_ic": 0.015384615384615385,
      "total_return": -0.10293940621869035,
      "sharpe": -2.9056807555498914,
      "max_dd": -0.14913316254555234,
      "n_trades": 104,
      "win_rate": 0.3557692307692308,
      "median_return": -0.053447841216109813,
      "market_return": -0.054512962513811436,
      "mean_ic_tradable": -0.02052382415393553,
      "n_skipped_rebalances": 0,
      "avg_candidates": 618.0769230769231
    },
    {
      "fold": 6,
      "period": "2023-09->2023-12",
      "train_rows": 460254,
      "test_rows": 43788,
      "mean_ic": 0.0226614930814973,
      "ic_ir": 0.3318471321521338,
      "hit_rate_ic": 0.015151515151515152,
      "total_return": 0.21427082788888296,
      "sharpe": 4.928896345686187,
      "max_dd": -0.03316326929718917,
      "n_trades": 112,
      "win_rate": 0.5982142857142857,
      "median_return": 0.030845382210371176,
      "market_return": 0.03455284552845517,
      "mean_ic_tradable": 0.040336538270485035,
      "n_skipped_rebalances": 0,
      "avg_candidates": 568.7142857142857
    },
    {
      "fold": 7,
      "period": "2023-12->2024-03",
      "train_rows": 504042,
      "test_rows": 40845,
      "mean_ic": 0.0005063541874707964,
      "ic_ir": 0.009252006302608536,
      "hit_rate_ic": 0.015625,
      "total_return": -0.023781019463995023,
      "sharpe": -1.4719506278664887,
      "max_dd": -0.04296329587888111,
      "n_trades": 104,
      "win_rate": 0.47115384615384615,
      "median_return": -0.0021739021507240115,
      "market_return": -0.009033527894665438,
      "mean_ic_tradable": 0.01023327928109761,
      "n_skipped_rebalances": 0,
      "avg_candidates": 563.3846153846154
    },
    {
      "fold": 8,
      "period": "2024-03->2024-06",
      "train_rows": 544887,
      "test_rows": 39463,
      "mean_ic": 0.013699556066778711,
      "ic_ir": 0.32970605198971,
      "hit_rate_ic": 0.015625,
      "total_return": 0.07661118708187131,
      "sharpe": 1.3473876356150205,
      "max_dd": -0.060281926919069896,
      "n_trades": 104,
      "win_rate": 0.5192307692307693,
      "median_return": 0.012500590046525503,
      "market_return": -0.039196521966527176,
      "mean_ic_tradable": 0.015297004412793235,
      "n_skipped_rebalances": 0,
      "avg_candidates": 536.3846153846154
    },
    {
      "fold": 9,
      "period": "2024-06->2024-09",
      "train_rows": 584350,
      "test_rows": 39119,
      "mean_ic": 0.04881722607110791,
      "ic_ir": 0.7332178383081714,
      "hit_rate_ic": 0.015151515151515152,
      "total_return": -0.015246426628743315,
      "sharpe": -0.1098829148074946,
      "max_dd": -0.09727789858777132,
      "n_trades": 112,
      "win_rate": 0.4375,
      "median_return": -0.029955940478958405,
      "market_return": 0.059259259259259345,
      "mean_ic_tradable": 0.05873697580162984,
      "n_skipped_rebalances": 0,
      "avg_candidates": 519.5
    },
    {
      "fold": 10,
      "period": "2024-09->2025-01",
      "train_rows": 623469,
      "test_rows": 36632,
      "mean_ic": 0.014523186754363968,
      "ic_ir": 0.32585415952946306,
      "hit_rate_ic": 0.015384615384615385,
      "total_return": 0.14710907236027437,
      "sharpe": 2.231666858567279,
      "max_dd": -0.07706288681155922,
      "n_trades": 104,
      "win_rate": 0.4326923076923077,
      "median_return": -0.03281261207411836,
      "market_return": 0.0,
      "mean_ic_tradable": 0.0015767614460476893,
      "n_skipped_rebalances": 0,
      "avg_candidates": 505.0
    },
    {
      "fold": 11,
      "period": "2025-01->2025-04",
      "train_rows": 660101,
      "test_rows": 34000,
      "mean_ic": -0.04715939381156637,
      "ic_ir": -0.5037382297566826,
      "hit_rate_ic": 0.015625,
      "total_return": -0.10681257116060738,
      "sharpe": -2.7581671209375584,