{
  "config_name": "v4_filt_p3_a300k",
  "n_features": 28,
  "feat_cols": [
    "max_dd_60d",
    "vol_of_vol_60d",
    "ret_kurtosis_60d",
    "avg_trade_size_20d",
    "obv",
    "obv_vs_sma_60d",
    "amihud_60d",
    "downside_vol_60d",
    "ema_26",
    "spread_proxy_20d",
    "ret_skew_60d",
    "ret_252d",
    "sma_200",
    "sector_ret_60d",
    "realized_vol_120d",
    "macd_hist",
    "pct_from_52w_low",
    "adv_60d",
    "ret_vs_sector_60d",
    "vol_of_vol_ratio",
    "price_roc_smooth_120d",
    "vwap_dev_avg_20d",
    "reversal_20v60",
    "vol_regime_change",
    "beta_60d",
    "macd_signal",
    "dilution_pct",
    "current_ratio"
  ],
  "aggregate": {
    "n_features": 28,
    "n_folds": 16,
    "mean_ic": 0.006469639837115945,
    "mean_ic_tradable": 0.004314867101396133,
    "ic_std": 0.04277799253387571,
    "mean_sharpe": 2.171983295734222,
    "mean_return": 0.10444757257122489,
    "median_return": 0.07489080670935155,
    "mean_alpha": 0.10948890675065076,
    "mean_win_rate": 0.5055418719211823,
    "selectivity_median": -0.004254721554313612,
    "folds_positive_ret": "13/16",
    "folds_positive_alpha": "14/16",
    "total_trades": 1624,
    "skipped_rebalances": 0
  },
  "folds": [
    {
      "fold": 1,
      "period": "2022-06->2022-09",
      "train_rows": 215868,
      "test_rows": 54053,
      "mean_ic": 0.04702670176508569,
      "ic_ir": 0.8163917034742714,
      "hit_rate_ic": 0.015151515151515152,
      "total_return": 0.30426304556181427,
      "sharpe": 6.899835358334113,
      "max_dd": -0.013612602170016554,
      "n_trades": 112,
      "win_rate": 0.5892857142857143,
      "median_return": 0.031023012075643612,
      "market_return": -0.04036560489565355,
      "mean_ic_tradable": 0.05571172653571752,
      "n_skipped_rebalances": 0,
      "avg_candidates": 740.0714285714286
    },
    {
      "fold": 2,
      "period": "2022-09->2022-12",
      "train_rows": 269921,
      "test_rows": 50790,
      "mean_ic": -0.07049516244918021,
      "ic_ir": -0.9560566774497874,
      "hit_rate_ic": 0.015384615384615385,
      "total_return": -0.017323901333772262,
      "sharpe": -1.6511010916116642,
      "max_dd": -0.026862758792748503,
      "n_trades": 104,
      "win_rate": 0.46153846153846156,
      "median_return": -0.0062587452397431615,
      "market_return": -0.02117647058823524,
      "mean_ic_tradable": -0.03885108239322341,
      "n_skipped_rebalances": 0,
      "avg_candidates": 691.5384615384615
    },
    {
      "fold": 3,
      "period": "2022-12->2023-03",
      "train_rows": 320711,
      "test_rows": 47974,
      "mean_ic": 0.05883643335607296,
      "ic_ir": 0.992605971829821,
      "hit_rate_ic": 0.015625,
      "total_return": 0.21414266125988313,
      "sharpe": 4.661850791247217,
      "max_dd": -0.024123359410414606,
      "n_trades": 104,
      "win_rate": 0.625,
      "median_return": 0.031792927348782196,
      "market_return": -0.02974239917186522,
      "mean_ic_tradable": 0.052484182102004326,
      "n_skipped_rebalances": 0,
      "avg_candidates": 661.5384615384615
    },
    {
      "fold": 4,
      "period": "2023-03->2023-06",
      "train_rows": 368685,
      "test_rows": 46785,
      "mean_ic": 0.02828537442862504,
      "ic_ir": 0.5068664707659047,
      "hit_rate_ic": 0.015384615384615385,
      "total_return": 0.4023173893598502,
      "sharpe": 4.477211439464812,
      "max_dd": -0.02017105832543543,
      "n_trades": 104,
      "win_rate": 0.6057692307692307,
      "median_return": 0.012126078468417519,
      "market_return": 0.02405498281786933,
      "mean_ic_tradable": 0.017853989178278025,
      "n_skipped_rebalances": 0,
      "avg_candidates": 627.0
    },
    {
      "fold": 5,
      "period": "2023-06->2023-09",
      "train_rows": 415470,
      "test_rows": 44784,
      "mean_ic": -0.06473126319614893,
      "ic_ir": -0.9005087460756391,
      "hit_rate_ic": 0.015384615384615385,
      "total_return": 0.03618134492948921,
      "sharpe": 1.3958328061802858,
      "max_dd": -0.050877018031007054,
      "n_trades": 104,
      "win_rate": 0.46153846153846156,
      "median_return": -0.00972879217912324,
      "market_return": -0.054512962513811436,
      "mean_ic_tradable": -0.060768685798230686,
      "n_skipped_rebalances": 0,
      "avg_candidates": 604.8461538461538
    },
    {
      "fold": 6,
      "period": "2023-09->2023-12",
      "train_rows": 460254,
      "test_rows": 43788,
      "mean_ic": 0.0032395525522281674,
      "ic_ir": 0.03560310457890855,
      "hit_rate_ic": 0.015151515151515152,
      "total_return": 0.07878721470465888,
      "sharpe": 1.8785112239827908,
      "max_dd": -0.0699457795833923,
      "n_trades": 112,
      "win_rate": 0.5446428571428571,
      "median_return": 0.03214242053789729,
      "market_return": 0.03455284552845517,
      "mean_ic_tradable": 0.017812930819182428,
      "n_skipped_rebalances": 0,
      "avg_candidates": 559.3571428571429
    },
    {
      "fold": 7,
      "period": "2023-12->2024-03",
      "train_rows": 504042,
      "test_rows": 40845,
      "mean_ic": 0.0074948204184553885,
      "ic_ir": 0.1449438047534852,
      "hit_rate_ic": 0.015625,
      "total_return": 0.16750288329279317,
      "sharpe": 5.141871872490375,
      "max_dd": -0.01355741901556326,
      "n_trades": 104,
      "win_rate": 0.5576923076923077,
      "median_return": 0.00923164994908824,
      "market_return": -0.009033527894665438,
      "mean_ic_tradable": 0.012611156710225014,
      "n_skipped_rebalances": 0,
      "avg_candidates": 550.8461538461538
    },
    {
      "fold": 8,
      "period": "2024-03->2024-06",
      "train_rows": 544887,
      "test_rows": 39463,
      "mean_ic": 0.006938209857164365,
      "ic_ir": 0.16244507550256002,
      "hit_rate_ic": 0.015625,
      "total_return": -0.04646705469914303,
      "sharpe": -1.3163940126449123,
      "max_dd": -0.08675471010260052,
      "n_trades": 104,
      "win_rate": 0.41346153846153844,
      "median_return": -0.0528068858453085,
      "market_return": -0.039196521966527176,
      "mean_ic_tradable": 0.013886059810873624,
      "n_skipped_rebalances": 0,
      "avg_candidates": 529.0
    },
    {
      "fold": 9,
      "period": "2024-06->2024-09",
      "train_rows": 584350,
      "test_rows": 39119,
      "mean_ic": 0.044085608453384835,
      "ic_ir": 1.0063399962028503,
      "hit_rate_ic": 0.015151515151515152,
      "total_return": 0.042867072053668576,
      "sharpe": 1.129370141865758,
      "max_dd": -0.052672889864622104,
      "n_trades": 112,
      "win_rate": 0.48214285714285715,
      "median_return": -0.006584480074486114,
      "market_return": 0.059259259259259345,
      "mean_ic_tradable": 0.033004806362210606,
      "n_skipped_rebalances": 0,
      "avg_candidates": 505.7142857142857
    },
    {
      "fold": 10,
      "period": "2024-09->2025-01",
      "train_rows": 623469,
      "test_rows": 36632,
      "mean_ic": 0.034031932467551,
      "ic_ir": 0.58532440717178,
      "hit_rate_ic": 0.015384615384615385,
      "total_return": 0.15956390813544274,
      "sharpe": 3.138767894169305,
      "max_dd": -0.026720316212460078,
      "n_trades": 104,
      "win_rate": 0.4423076923076923,
      "median_return": -0.02456107047943789,
      "market_return": 0.0,
      "mean_ic_tradable": 0.009405467079421168,
      "n_skipped_rebalances": 0,
      "avg_candidates": 494.53846153846155
    },
    {
      "fold": 11,
      "period": "2025-01->2025-04",
      "train_rows": 660101,
      "test_rows": 34000,
      "mean_ic": -0.04466938049746859,
      "ic_ir": -0.4443873121448138,
      "hit_rate_ic": 0.015625,
      "total_return": -0.18497116393822854,
      "sharpe": -5.071232381706714,
      "max_dd": -0.21704593419952742,
      "n_trades": 104,
      "win_rate": 0.28846153846153844,
      "median_return": -0.10005672501789797,
      "market_return": -0.19867053722518918,
      "mean_ic_tradable": -0.0416481244573636,
      "n_skipped_rebalances": 0,