{
  "config_name": "v4_filt_p2_a1000k",
  "n_features": 28,
  "feat_cols": [
    "max_dd_60d",
    "vol_of_vol_60d",
    "ret_kurtosis_60d",
    "avg_trade_size_20d",
    "obv",
    "obv_vs_sma_60d",
    "amihud_60d",
    "downside_vol_60d",
    "ema_26",
    "spread_proxy_20d",
    "ret_skew_60d",
    "ret_252d",
    "sma_200",
    "sector_ret_60d",
    "realized_vol_120d",
    "macd_hist",
    "pct_from_52w_low",
    "adv_60d",
    "ret_vs_sector_60d",
    "vol_of_vol_ratio",
    "price_roc_smooth_120d",
    "vwap_dev_avg_20d",
    "reversal_20v60",
    "vol_regime_change",
    "beta_60d",
    "macd_signal",
    "dilution_pct",
    "current_ratio"
  ],
  "aggregate": {
    "n_features": 28,
    "n_folds": 16,
    "mean_ic": 0.006469639837115945,
    "mean_ic_tradable": 0.005898239228147815,
    "ic_std": 0.04277799253387571,
    "mean_sharpe": 2.661705394688064,
    "mean_return": 0.1204894641879371,
    "median_return": 0.08809795376073237,
    "mean_alpha": 0.12553079836736297,
    "mean_win_rate": 0.520320197044335,
    "selectivity_median": -0.001955511175333379,
    "folds_positive_ret": "13/16",
    "folds_positive_alpha": "13/16",
    "total_trades": 1624,
    "skipped_rebalances": 0
  },
  "folds": [
    {
      "fold": 1,
      "period": "2022-06->2022-09",
      "train_rows": 215868,
      "test_rows": 54053,
      "mean_ic": 0.04702670176508569,
      "ic_ir": 0.8163917034742714,
      "hit_rate_ic": 0.015151515151515152,
      "total_return": 0.3986929209761043,
      "sharpe": 7.391935147567317,
      "max_dd": -0.014726985850110383,
      "n_trades": 112,
      "win_rate": 0.5982142857142857,
      "median_return": 0.034783834586466195,
      "market_return": -0.04036560489565355,
      "mean_ic_tradable": 0.050747508978850504,
      "n_skipped_rebalances": 0,
      "avg_candidates": 719.6428571428571
    },
    {
      "fold": 2,
      "period": "2022-09->2022-12",
      "train_rows": 269921,
      "test_rows": 50790,
      "mean_ic": -0.07049516244918021,
      "ic_ir": -0.9560566774497874,
      "hit_rate_ic": 0.015384615384615385,
      "total_return": -0.04105103313862213,
      "sharpe": -2.149925708786213,
      "max_dd": -0.05755088104417146,
      "n_trades": 104,
      "win_rate": 0.46153846153846156,
      "median_return": -0.009338091064646777,
      "market_return": -0.02117647058823524,
      "mean_ic_tradable": -0.04391916498892819,
      "n_skipped_rebalances": 0,
      "avg_candidates": 661.3076923076923
    },
    {
      "fold": 3,
      "period": "2022-12->2023-03",
      "train_rows": 320711,
      "test_rows": 47974,
      "mean_ic": 0.05883643335607296,
      "ic_ir": 0.992605971829821,
      "hit_rate_ic": 0.015625,
      "total_return": 0.209959538369068,
      "sharpe": 4.501087603294014,
      "max_dd": -0.02302369608412838,
      "n_trades": 104,
      "win_rate": 0.6153846153846154,
      "median_return": 0.0272397057100392,
      "market_return": -0.02974239917186522,
      "mean_ic_tradable": 0.046914990659055134,
      "n_skipped_rebalances": 0,
      "avg_candidates": 628.7692307692307
    },
    {
      "fold": 4,
      "period": "2023-03->2023-06",
      "train_rows": 368685,
      "test_rows": 46785,
      "mean_ic": 0.02828537442862504,
      "ic_ir": 0.5068664707659047,
      "hit_rate_ic": 0.015384615384615385,
      "total_return": 0.35796644313423553,
      "sharpe": 4.954506148311574,
      "max_dd": -0.01083628530461662,
      "n_trades": 104,
      "win_rate": 0.6153846153846154,
      "median_return": 0.021892621523617803,
      "market_return": 0.02405498281786933,
      "mean_ic_tradable": 0.010703531775076311,
      "n_skipped_rebalances": 0,
      "avg_candidates": 591.7692307692307
    },
    {
      "fold": 5,
      "period": "2023-06->2023-09",
      "train_rows": 415470,
      "test_rows": 44784,
      "mean_ic": -0.06473126319614893,
      "ic_ir": -0.9005087460756391,
      "hit_rate_ic": 0.015384615384615385,
      "total_return": 0.07951901474367196,
      "sharpe": 2.620603124597156,
      "max_dd": -0.030365141883156338,
      "n_trades": 104,
      "win_rate": 0.5288461538461539,
      "median_return": 0.004847878636325712,
      "market_return": -0.054512962513811436,
      "mean_ic_tradable": -0.05050968800065985,
      "n_skipped_rebalances": 0,
      "avg_candidates": 576.8461538461538
    },
    {
      "fold": 6,
      "period": "2023-09->2023-12",
      "train_rows": 460254,
      "test_rows": 43788,
      "mean_ic": 0.0032395525522281674,
      "ic_ir": 0.03560310457890855,
      "hit_rate_ic": 0.015151515151515152,
      "total_return": 0.09867898334029057,
      "sharpe": 2.128236989848703,
      "max_dd": -0.07120705688866921,
      "n_trades": 112,
      "win_rate": 0.5357142857142857,
      "median_return": 0.027367262578405226,
      "market_return": 0.03455284552845517,
      "mean_ic_tradable": 0.02352012924519359,
      "n_skipped_rebalances": 0,
      "avg_candidates": 524.2142857142857
    },
    {
      "fold": 7,
      "period": "2023-12->2024-03",
      "train_rows": 504042,
      "test_rows": 40845,
      "mean_ic": 0.0074948204184553885,
      "ic_ir": 0.1449438047534852,
      "hit_rate_ic": 0.015625,
      "total_return": 0.2346532571793134,
      "sharpe": 7.23922293220583,
      "max_dd": -0.006100378737369534,
      "n_trades": 104,
      "win_rate": 0.5769230769230769,
      "median_return": 0.010192504757722133,
      "market_return": -0.009033527894665438,
      "mean_ic_tradable": 0.016748364966307185,
      "n_skipped_rebalances": 0,
      "avg_candidates": 517.9230769230769
    },
    {
      "fold": 8,
      "period": "2024-03->2024-06",
      "train_rows": 544887,
      "test_rows": 39463,
      "mean_ic": 0.006938209857164365,
      "ic_ir": 0.16244507550256002,
      "hit_rate_ic": 0.015625,
      "total_return": 0.04583417592172778,
      "sharpe": 0.715654025064237,
      "max_dd": -0.08441163131157976,
      "n_trades": 104,
      "win_rate": 0.49038461538461536,
      "median_return": -0.020522386533308748,
      "market_return": -0.039196521966527176,
      "mean_ic_tradable": 0.018974204778272257,
      "n_skipped_rebalances": 0,
      "avg_candidates": 496.0769230769231
    },
    {
      "fold": 9,
      "period": "2024-06->2024-09",
      "train_rows": 584350,
      "test_rows": 39119,
      "mean_ic": 0.044085608453384835,
      "ic_ir": 1.0063399962028503,
      "hit_rate_ic": 0.015151515151515152,
      "total_return": 0.09667689277779279,
      "sharpe": 2.2730753887117054,
      "max_dd": -0.04276312753942001,
      "n_trades": 112,
      "win_rate": 0.49107142857142855,
      "median_return": -0.0038238547963374255,
      "market_return": 0.059259259259259345,
      "mean_ic_tradable": 0.045725961413688225,
      "n_skipped_rebalances": 0,
      "avg_candidates": 480.92857142857144
    },
    {
      "fold": 10,
      "period": "2024-09->2025-01",
      "train_rows": 623469,
      "test_rows": 36632,
      "mean_ic": 0.034031932467551,
      "ic_ir": 0.58532440717178,
      "hit_rate_ic": 0.015384615384615385,
      "total_return": 0.06559293762062435,
      "sharpe": 1.593952857569596,
      "max_dd": -0.06060295640447252,
      "n_trades": 104,
      "win_rate": 0.4423076923076923,
      "median_return": -0.02456107047943789,
      "market_return": 0.0,
      "mean_ic_tradable": 0.011418698929131168,
      "n_skipped_rebalances": 0,
      "avg_candidates": 468.6923076923077
    },
    {
      "fold": 11,
      "period": "2025-01->2025-04",
      "train_rows": 660101,
      "test_rows": 34000,
      "mean_ic": -0.04466938049746859,
      "ic_ir": -0.4443873121448138,
      "hit_rate_ic": 0.015625,
      "total_return": -0.18120123111886866,
      "sharpe": -4.678619875370372,
      "max_dd": -0.21883422311132275,
      "n_trades": 104,
      "win_rate": 0.3076923076923077,
      "median_return": -0.10472294300358373,
      "market_return": -0.19867053722518918,
      "mean_ic_tradable": -0.051846033276655615,