{
  "config_name": "v4_filt_p1.5_a1000k",
  "n_features": 28,
  "feat_cols": [
    "max_dd_60d",
    "vol_of_vol_60d",
    "ret_kurtosis_60d",
    "avg_trade_size_20d",
    "obv",
    "obv_vs_sma_60d",
    "amihud_60d",
    "downside_vol_60d",
    "ema_26",
    "spread_proxy_20d",
    "ret_skew_60d",
    "ret_252d",
    "sma_200",
    "sector_ret_60d",
    "realized_vol_120d",
    "macd_hist",
    "pct_from_52w_low",
    "adv_60d",
    "ret_vs_sector_60d",
    "vol_of_vol_ratio",
    "price_roc_smooth_120d",
    "vwap_dev_avg_20d",
    "reversal_20v60",
    "vol_regime_change",
    "beta_60d",
    "macd_signal",
    "dilution_pct",
    "current_ratio"
  ],
  "aggregate": {
    "n_features": 28,
    "n_folds": 16,
    "mean_ic": 0.006469639837115945,
    "mean_ic_tradable": 0.0068927073726004475,
    "ic_std": 0.04277799253387571,
    "mean_sharpe": 2.9126428380712155,
    "mean_return": 0.13230284137918072,
    "median_return": 0.10507898683622918,
    "mean_alpha": 0.13734417555860662,
    "mean_win_rate": 0.5197044334975369,
    "selectivity_median": -0.0008550153554772052,
    "folds_positive_ret": "13/16",
    "folds_positive_alpha": "14/16",
    "total_trades": 1624,
    "skipped_rebalances": 0
  },
  "folds": [
    {
      "fold": 1,
      "period": "2022-06->2022-09",
      "train_rows": 215868,
      "test_rows": 54053,
      "mean_ic": 0.04702670176508569,
      "ic_ir": 0.8163917034742714,
      "hit_rate_ic": 0.015151515151515152,
      "total_return": 0.38787997028409316,
      "sharpe": 8.07102099910683,
      "max_dd": -0.014726985850110268,
      "n_trades": 112,
      "win_rate": 0.5982142857142857,
      "median_return": 0.0292169185977805,
      "market_return": -0.04036560489565355,
      "mean_ic_tradable": 0.04868752154977404,
      "n_skipped_rebalances": 0,
      "avg_candidates": 725.8571428571429
    },
    {
      "fold": 2,
      "period": "2022-09->2022-12",
      "train_rows": 269921,
      "test_rows": 50790,
      "mean_ic": -0.07049516244918021,
      "ic_ir": -0.9560566774497874,
      "hit_rate_ic": 0.015384615384615385,
      "total_return": -0.05846117558975261,
      "sharpe": -3.486661842010315,
      "max_dd": -0.058118187910380426,
      "n_trades": 104,
      "win_rate": 0.4326923076923077,
      "median_return": -0.01566461675619477,
      "market_return": -0.02117647058823524,
      "mean_ic_tradable": -0.04811298461941655,
      "n_skipped_rebalances": 0,
      "avg_candidates": 667.0769230769231
    },
    {
      "fold": 3,
      "period": "2022-12->2023-03",
      "train_rows": 320711,
      "test_rows": 47974,
      "mean_ic": 0.05883643335607296,
      "ic_ir": 0.992605971829821,
      "hit_rate_ic": 0.015625,
      "total_return": 0.2665035565848275,
      "sharpe": 4.844951294125309,
      "max_dd": -0.02302369608412843,
      "n_trades": 104,
      "win_rate": 0.625,
      "median_return": 0.031792927348782196,
      "market_return": -0.02974239917186522,
      "mean_ic_tradable": 0.05145098865819216,
      "n_skipped_rebalances": 0,
      "avg_candidates": 635.5384615384615
    },
    {
      "fold": 4,
      "period": "2023-03->2023-06",
      "train_rows": 368685,
      "test_rows": 46785,
      "mean_ic": 0.02828537442862504,
      "ic_ir": 0.5068664707659047,
      "hit_rate_ic": 0.015384615384615385,
      "total_return": 0.3887019303134083,
      "sharpe": 5.340305265803532,
      "max_dd": -0.005529291117678743,
      "n_trades": 104,
      "win_rate": 0.625,
      "median_return": 0.024214813078635784,
      "market_return": 0.02405498281786933,
      "mean_ic_tradable": 0.013559596056636427,
      "n_skipped_rebalances": 0,
      "avg_candidates": 599.1538461538462
    },
    {
      "fold": 5,
      "period": "2023-06->2023-09",
      "train_rows": 415470,
      "test_rows": 44784,
      "mean_ic": -0.06473126319614893,
      "ic_ir": -0.9005087460756391,
      "hit_rate_ic": 0.015384615384615385,
      "total_return": 0.06747111357554747,
      "sharpe": 2.026526823350324,
      "max_dd": -0.054481842869116545,
      "n_trades": 104,
      "win_rate": 0.5,
      "median_return": -0.00015537346875357436,
      "market_return": -0.054512962513811436,
      "mean_ic_tradable": -0.05321822473616372,
      "n_skipped_rebalances": 0,
      "avg_candidates": 583.7692307692307
    },
    {
      "fold": 6,
      "period": "2023-09->2023-12",
      "train_rows": 460254,
      "test_rows": 43788,
      "mean_ic": 0.0032395525522281674,
      "ic_ir": 0.03560310457890855,
      "hit_rate_ic": 0.015151515151515152,
      "total_return": 0.11348108089466558,
      "sharpe": 2.641120457975299,
      "max_dd": -0.05469216417000577,
      "n_trades": 112,
      "win_rate": 0.5267857142857143,
      "median_return": 0.016894527132436582,
      "market_return": 0.03455284552845517,
      "mean_ic_tradable": 0.02456049709252344,
      "n_skipped_rebalances": 0,
      "avg_candidates": 532.0714285714286
    },
    {
      "fold": 7,
      "period": "2023-12->2024-03",
      "train_rows": 504042,
      "test_rows": 40845,
      "mean_ic": 0.0074948204184553885,
      "ic_ir": 0.1449438047534852,
      "hit_rate_ic": 0.015625,
      "total_return": 0.2346532571793134,
      "sharpe": 7.23922293220583,
      "max_dd": -0.006100378737369534,
      "n_trades": 104,
      "win_rate": 0.5769230769230769,
      "median_return": 0.010192504757722133,
      "market_return": -0.009033527894665438,
      "mean_ic_tradable": 0.01512458869406547,
      "n_skipped_rebalances": 0,
      "avg_candidates": 523.7692307692307
    },
    {
      "fold": 8,
      "period": "2024-03->2024-06",
      "train_rows": 544887,
      "test_rows": 39463,
      "mean_ic": 0.006938209857164365,
      "ic_ir": 0.16244507550256002,
      "hit_rate_ic": 0.015625,
      "total_return": 0.03778445714061851,
      "sharpe": 0.5320787242421068,
      "max_dd": -0.08667225967700515,
      "n_trades": 104,
      "win_rate": 0.49038461538461536,
      "median_return": -0.020522386533308748,
      "market_return": -0.039196521966527176,
      "mean_ic_tradable": 0.01679937800647973,
      "n_skipped_rebalances": 0,
      "avg_candidates": 500.84615384615387
    },
    {
      "fold": 9,
      "period": "2024-06->2024-09",
      "train_rows": 584350,
      "test_rows": 39119,
      "mean_ic": 0.044085608453384835,
      "ic_ir": 1.0063399962028503,
      "hit_rate_ic": 0.015151515151515152,
      "total_return": 0.09667689277779279,
      "sharpe": 2.2730753887117054,
      "max_dd": -0.04276312753942001,
      "n_trades": 112,
      "win_rate": 0.49107142857142855,
      "median_return": -0.0038238547963374255,
      "market_return": 0.059259259259259345,
      "mean_ic_tradable": 0.04963226278598229,
      "n_skipped_rebalances": 0,
      "avg_candidates": 486.7142857142857
    },
    {
      "fold": 10,
      "period": "2024-09->2025-01",
      "train_rows": 623469,
      "test_rows": 36632,
      "mean_ic": 0.034031932467551,
      "ic_ir": 0.58532440717178,
      "hit_rate_ic": 0.015384615384615385,
      "total_return": 0.05794913048370853,
      "sharpe": 1.4617226503015588,
      "max_dd": -0.05527691355881429,
      "n_trades": 104,
      "win_rate": 0.4807692307692308,
      "median_return": -0.006968200163934756,
      "market_return": 0.0,
      "mean_ic_tradable": 0.017841090651573424,
      "n_skipped_rebalances": 0,
      "avg_candidates": 473.61538461538464
    },
    {
      "fold": 11,
      "period": "2025-01->2025-04",
      "train_rows": 660101,
      "test_rows": 34000,
      "mean_ic": -0.04466938049746859,
      "ic_ir": -0.4443873121448138,
      "hit_rate_ic": 0.015625,
      "total_return": -0.18190077310484587,
      "sharpe": -4.69264451573512,
      "max_dd": -0.2189618733381919,
      "n_trades": 104,
      "win_rate": 0.3076923076923077,
      "median_return": -0.10234341595186522,
      "market_return": -0.19867053722518918,
      "mean_ic_tradable": -0.05009003001744379,
      "n_skipped_rebalances": 0,