{
  "config_name": "v4_filt_p3_a1000k",
  "n_features": 28,
  "feat_cols": [
    "max_dd_60d",
    "vol_of_vol_60d",
    "ret_kurtosis_60d",
    "avg_trade_size_20d",
    "obv",
    "obv_vs_sma_60d",
    "amihud_60d",
    "downside_vol_60d",
    "ema_26",
    "spread_proxy_20d",
    "ret_skew_60d",
    "ret_252d",
    "sma_200",
    "sector_ret_60d",
    "realized_vol_120d",
    "macd_hist",
    "pct_from_52w_low",
    "adv_60d",
    "ret_vs_sector_60d",
    "vol_of_vol_ratio",
    "price_roc_smooth_120d",
    "vwap_dev_avg_20d",
    "reversal_20v60",
    "vol_regime_change",
    "beta_60d",
    "macd_signal",
    "dilution_pct",
    "current_ratio"
  ],
  "aggregate": {
    "n_features": 28,
    "n_folds": 16,
    "mean_ic": 0.006469639837115945,
    "mean_ic_tradable": 0.005735534902563459,
    "ic_std": 0.04277799253387571,
    "mean_sharpe": 2.0823851909744064,
    "mean_return": 0.08353693521352429,
    "median_return": 0.06149290508934213,
    "mean_alpha": 0.08857826939295017,
    "mean_win_rate": 0.5049261083743842,
    "selectivity_median": -0.00625188376835945,
    "folds_positive_ret": "14/16",
    "folds_positive_alpha": "15/16",
    "total_trades": 1624,
    "skipped_rebalances": 0
  },
  "folds": [
    {
      "fold": 1,
      "period": "2022-06->2022-09",
      "train_rows": 215868,
      "test_rows": 54053,
      "mean_ic": 0.04702670176508569,
      "ic_ir": 0.8163917034742714,
      "hit_rate_ic": 0.015151515151515152,
      "total_return": 0.24591066801864558,
      "sharpe": 7.912361731342924,
      "max_dd": -0.013704622931093053,
      "n_trades": 112,
      "win_rate": 0.5625,
      "median_return": 0.016914897664155805,
      "market_return": -0.04036560489565355,
      "mean_ic_tradable": 0.053709024284682265,
      "n_skipped_rebalances": 0,
      "avg_candidates": 701.7857142857143
    },
    {
      "fold": 2,
      "period": "2022-09->2022-12",
      "train_rows": 269921,
      "test_rows": 50790,
      "mean_ic": -0.07049516244918021,
      "ic_ir": -0.9560566774497874,
      "hit_rate_ic": 0.015384615384615385,
      "total_return": 0.025374811124025065,
      "sharpe": 1.2294443083178213,
      "max_dd": -0.02910801293378723,
      "n_trades": 104,
      "win_rate": 0.5192307692307693,
      "median_return": 0.0006276061945791085,
      "market_return": -0.02117647058823524,
      "mean_ic_tradable": -0.035580575486263664,
      "n_skipped_rebalances": 0,
      "avg_candidates": 644.3846153846154
    },
    {
      "fold": 3,
      "period": "2022-12->2023-03",
      "train_rows": 320711,
      "test_rows": 47974,
      "mean_ic": 0.05883643335607296,
      "ic_ir": 0.992605971829821,
      "hit_rate_ic": 0.015625,
      "total_return": 0.1995310249844673,
      "sharpe": 4.465782642601675,
      "max_dd": -0.024660612843040844,
      "n_trades": 104,
      "win_rate": 0.625,
      "median_return": 0.033215247215102106,
      "market_return": -0.02974239917186522,
      "mean_ic_tradable": 0.047440162613500356,
      "n_skipped_rebalances": 0,
      "avg_candidates": 611.0769230769231
    },
    {
      "fold": 4,
      "period": "2023-03->2023-06",
      "train_rows": 368685,
      "test_rows": 46785,
      "mean_ic": 0.02828537442862504,
      "ic_ir": 0.5068664707659047,
      "hit_rate_ic": 0.015384615384615385,
      "total_return": 0.32120209433452795,
      "sharpe": 4.493071813809436,
      "max_dd": -0.02017105832543543,
      "n_trades": 104,
      "win_rate": 0.5769230769230769,
      "median_return": 0.008593289551233497,
      "market_return": 0.02405498281786933,
      "mean_ic_tradable": 0.011240790200726727,
      "n_skipped_rebalances": 0,
      "avg_candidates": 577.7692307692307
    },
    {
      "fold": 5,
      "period": "2023-06->2023-09",
      "train_rows": 415470,
      "test_rows": 44784,
      "mean_ic": -0.06473126319614893,
      "ic_ir": -0.9005087460756391,
      "hit_rate_ic": 0.015384615384615385,
      "total_return": 0.04312963031912842,
      "sharpe": 1.720695610351591,
      "max_dd": -0.037387757221638514,
      "n_trades": 104,
      "win_rate": 0.5,
      "median_return": -0.00015537346875357436,
      "market_return": -0.054512962513811436,
      "mean_ic_tradable": -0.051606882669361274,
      "n_skipped_rebalances": 0,
      "avg_candidates": 561.9230769230769
    },
    {
      "fold": 6,
      "period": "2023-09->2023-12",
      "train_rows": 460254,
      "test_rows": 43788,
      "mean_ic": 0.0032395525522281674,
      "ic_ir": 0.03560310457890855,
      "hit_rate_ic": 0.015151515151515152,
      "total_return": 0.08348486905917141,
      "sharpe": 1.9109682358320519,
      "max_dd": -0.06355479095577535,
      "n_trades": 112,
      "win_rate": 0.5535714285714286,
      "median_return": 0.03214242053789729,
      "market_return": 0.03455284552845517,
      "mean_ic_tradable": 0.026217318780745402,
      "n_skipped_rebalances": 0,
      "avg_candidates": 509.57142857142856
    },
    {
      "fold": 7,
      "period": "2023-12->2024-03",
      "train_rows": 504042,
      "test_rows": 40845,
      "mean_ic": 0.0074948204184553885,
      "ic_ir": 0.1449438047534852,
      "hit_rate_ic": 0.015625,
      "total_return": 0.15949226212266354,
      "sharpe": 4.798775899783335,
      "max_dd": -0.017753531222801888,
      "n_trades": 104,
      "win_rate": 0.5576923076923077,
      "median_return": 0.008426496970022285,
      "market_return": -0.009033527894665438,
      "mean_ic_tradable": 0.01193381892396702,
      "n_skipped_rebalances": 0,
      "avg_candidates": 500.53846153846155
    },
    {
      "fold": 8,
      "period": "2024-03->2024-06",
      "train_rows": 544887,
      "test_rows": 39463,
      "mean_ic": 0.006938209857164365,
      "ic_ir": 0.16244507550256002,
      "hit_rate_ic": 0.015625,
      "total_return": 0.0014455884586905832,
      "sharpe": 0.012365089720364356,
      "max_dd": -0.0844116313115798,
      "n_trades": 104,
      "win_rate": 0.46153846153846156,
      "median_return": -0.037258810266799475,
      "market_return": -0.039196521966527176,
      "mean_ic_tradable": 0.01418723816777692,
      "n_skipped_rebalances": 0,
      "avg_candidates": 481.38461538461536
    },
    {
      "fold": 9,
      "period": "2024-06->2024-09",
      "train_rows": 584350,
      "test_rows": 39119,
      "mean_ic": 0.044085608453384835,
      "ic_ir": 1.0063399962028503,
      "hit_rate_ic": 0.015151515151515152,
      "total_return": 0.07117452455303241,
      "sharpe": 1.7443012470954027,
      "max_dd": -0.03737107925934033,
      "n_trades": 112,
      "win_rate": 0.48214285714285715,
      "median_return": -0.006232392297088046,
      "market_return": 0.059259259259259345,
      "mean_ic_tradable": 0.04009868486266192,
      "n_skipped_rebalances": 0,
      "avg_candidates": 464.92857142857144
    },
    {
      "fold": 10,
      "period": "2024-09->2025-01",
      "train_rows": 623469,
      "test_rows": 36632,
      "mean_ic": 0.034031932467551,
      "ic_ir": 0.58532440717178,
      "hit_rate_ic": 0.015384615384615385,
      "total_return": 0.05181128562565185,
      "sharpe": 1.3240525828441652,
      "max_dd": -0.06969382278747115,
      "n_trades": 104,
      "win_rate": 0.4326923076923077,
      "median_return": -0.02456107047943789,
      "market_return": 0.0,
      "mean_ic_tradable": 0.007277139455669843,
      "n_skipped_rebalances": 0,
      "avg_candidates": 452.0769230769231
    },
    {
      "fold": 11,
      "period": "2025-01->2025-04",
      "train_rows": 660101,
      "test_rows": 34000,
      "mean_ic": -0.04466938049746859,
      "ic_ir": -0.4443873121448138,
      "hit_rate_ic": 0.015625,
      "total_return": -0.19721499120475605,
      "sharpe": -5.29914515538847,
      "max_dd": -0.22928285913007257,
      "n_trades": 104,
      "win_rate": 0.28846153846153844,
      "median_return": -0.10234341595186522,
      "market_return": -0.19867053722518918,
      "mean_ic_tradable": -0.047635378948755636,
      "n_skipped_rebalances": 0,