{
  "config_name": "v4_filt_p3_a500k",
  "n_features": 28,
  "feat_cols": [
    "max_dd_60d",
    "vol_of_vol_60d",
    "ret_kurtosis_60d",
    "avg_trade_size_20d",
    "obv",
    "obv_vs_sma_60d",
    "amihud_60d",
    "downside_vol_60d",
    "ema_26",
    "spread_proxy_20d",
    "ret_skew_60d",
    "ret_252d",
    "sma_200",
    "sector_ret_60d",
    "realized_vol_120d",
    "macd_hist",
    "pct_from_52w_low",
    "adv_60d",
    "ret_vs_sector_60d",
    "vol_of_vol_ratio",
    "price_roc_smooth_120d",
    "vwap_dev_avg_20d",
    "reversal_20v60",
    "vol_regime_change",
    "beta_60d",
    "macd_signal",
    "dilution_pct",
    "current_ratio"
  ],
  "aggregate": {
    "n_features": 28,
    "n_folds": 16,
    "mean_ic": 0.006469639837115945,
    "mean_ic_tradable": 0.005554359950506753,
    "ic_std": 0.04277799253387571,
    "mean_sharpe": 2.2329542132730773,
    "mean_return": 0.09394900018438282,
    "median_return": 0.07443423788463921,
    "mean_alpha": 0.09899033436380872,
    "mean_win_rate": 0.5061576354679803,
    "selectivity_median": -0.0029681831948260894,
    "folds_positive_ret": "13/16",
    "folds_positive_alpha": "14/16",
    "total_trades": 1624,
    "skipped_rebalances": 0
  },
  "folds": [
    {
      "fold": 1,
      "period": "2022-06->2022-09",
      "train_rows": 215868,
      "test_rows": 54053,
      "mean_ic": 0.04702670176508569,
      "ic_ir": 0.8163917034742714,
      "hit_rate_ic": 0.015151515151515152,
      "total_return": 0.2637356966055011,
      "sharpe": 6.7321766437493045,
      "max_dd": -0.013113253687950936,
      "n_trades": 112,
      "win_rate": 0.5803571428571429,
      "median_return": 0.023981552489420997,
      "market_return": -0.04036560489565355,
      "mean_ic_tradable": 0.05450731474352826,
      "n_skipped_rebalances": 0,
      "avg_candidates": 726.5714285714286
    },
    {
      "fold": 2,
      "period": "2022-09->2022-12",
      "train_rows": 269921,
      "test_rows": 50790,
      "mean_ic": -0.07049516244918021,
      "ic_ir": -0.9560566774497874,
      "hit_rate_ic": 0.015384615384615385,
      "total_return": 0.017331573626918173,
      "sharpe": 1.0573619071742195,
      "max_dd": -0.01685273246251741,
      "n_trades": 104,
      "win_rate": 0.47115384615384615,
      "median_return": -0.0062587452397431615,
      "market_return": -0.02117647058823524,
      "mean_ic_tradable": -0.03296500987262813,
      "n_skipped_rebalances": 0,
      "avg_candidates": 675.6923076923077
    },
    {
      "fold": 3,
      "period": "2022-12->2023-03",
      "train_rows": 320711,
      "test_rows": 47974,
      "mean_ic": 0.05883643335607296,
      "ic_ir": 0.992605971829821,
      "hit_rate_ic": 0.015625,
      "total_return": 0.20700677428736602,
      "sharpe": 4.556370507376785,
      "max_dd": -0.02412335941041459,
      "n_trades": 104,
      "win_rate": 0.625,
      "median_return": 0.031792927348782196,
      "market_return": -0.02974239917186522,
      "mean_ic_tradable": 0.04896439204992907,
      "n_skipped_rebalances": 0,
      "avg_candidates": 646.3076923076923
    },
    {
      "fold": 4,
      "period": "2023-03->2023-06",
      "train_rows": 368685,
      "test_rows": 46785,
      "mean_ic": 0.02828537442862504,
      "ic_ir": 0.5068664707659047,
      "hit_rate_ic": 0.015384615384615385,
      "total_return": 0.4045124474358768,
      "sharpe": 4.501027401082825,
      "max_dd": -0.02017105832543543,
      "n_trades": 104,
      "win_rate": 0.6057692307692307,
      "median_return": 0.012126078468417519,
      "market_return": 0.02405498281786933,
      "mean_ic_tradable": 0.014911687455492833,
      "n_skipped_rebalances": 0,
      "avg_candidates": 611.8461538461538
    },
    {
      "fold": 5,
      "period": "2023-06->2023-09",
      "train_rows": 415470,
      "test_rows": 44784,
      "mean_ic": -0.06473126319614893,
      "ic_ir": -0.9005087460756391,
      "hit_rate_ic": 0.015384615384615385,
      "total_return": 0.04283060955026108,
      "sharpe": 1.610743907694788,
      "max_dd": -0.04863660026140932,
      "n_trades": 104,
      "win_rate": 0.4807692307692308,
      "median_return": -0.004817305478087971,
      "market_return": -0.054512962513811436,
      "mean_ic_tradable": -0.05495564844355297,
      "n_skipped_rebalances": 0,
      "avg_candidates": 591.0
    },
    {
      "fold": 6,
      "period": "2023-09->2023-12",
      "train_rows": 460254,
      "test_rows": 43788,
      "mean_ic": 0.0032395525522281674,
      "ic_ir": 0.03560310457890855,
      "hit_rate_ic": 0.015151515151515152,
      "total_return": 0.07774985951506719,
      "sharpe": 1.8492655915340683,
      "max_dd": -0.07097493848785322,
      "n_trades": 112,
      "win_rate": 0.5446428571428571,
      "median_return": 0.03143535879197823,
      "market_return": 0.03455284552845517,
      "mean_ic_tradable": 0.020355416207594183,
      "n_skipped_rebalances": 0,
      "avg_candidates": 540.6428571428571
    },
    {
      "fold": 7,
      "period": "2023-12->2024-03",
      "train_rows": 504042,
      "test_rows": 40845,
      "mean_ic": 0.0074948204184553885,
      "ic_ir": 0.1449438047534852,
      "hit_rate_ic": 0.015625,
      "total_return": 0.16229574419967419,
      "sharpe": 4.915733648203411,
      "max_dd": -0.017753531222801888,
      "n_trades": 104,
      "win_rate": 0.5576923076923077,
      "median_return": 0.008426496970022285,
      "market_return": -0.009033527894665438,
      "mean_ic_tradable": 0.013121927496672587,
      "n_skipped_rebalances": 0,
      "avg_candidates": 535.2307692307693
    },
    {
      "fold": 8,
      "period": "2024-03->2024-06",
      "train_rows": 544887,
      "test_rows": 39463,
      "mean_ic": 0.006938209857164365,
      "ic_ir": 0.16244507550256002,
      "hit_rate_ic": 0.015625,
      "total_return": -0.06614525891622702,
      "sharpe": -1.8574255305348548,
      "max_dd": -0.11472792816138778,
      "n_trades": 104,
      "win_rate": 0.41346153846153844,
      "median_return": -0.0528068858453085,
      "market_return": -0.039196521966527176,
      "mean_ic_tradable": 0.017935556991713408,
      "n_skipped_rebalances": 0,
      "avg_candidates": 512.0769230769231
    },
    {
      "fold": 9,
      "period": "2024-06->2024-09",
      "train_rows": 584350,
      "test_rows": 39119,
      "mean_ic": 0.044085608453384835,
      "ic_ir": 1.0063399962028503,
      "hit_rate_ic": 0.015151515151515152,
      "total_return": 0.07111861625421123,
      "sharpe": 1.7782953502004835,
      "max_dd": -0.03328242768563907,
      "n_trades": 112,
      "win_rate": 0.48214285714285715,
      "median_return": -0.006232392297088046,
      "market_return": 0.059259259259259345,
      "mean_ic_tradable": 0.03691675899443355,
      "n_skipped_rebalances": 0,
      "avg_candidates": 492.92857142857144
    },
    {
      "fold": 10,
      "period": "2024-09->2025-01",
      "train_rows": 623469,
      "test_rows": 36632,
      "mean_ic": 0.034031932467551,
      "ic_ir": 0.58532440717178,
      "hit_rate_ic": 0.015384615384615385,
      "total_return": 0.12761729487200713,
      "sharpe": 2.4767682172615717,
      "max_dd": -0.049370958716938564,
      "n_trades": 104,
      "win_rate": 0.4519230769230769,
      "median_return": -0.015453106450336391,
      "market_return": 0.0,
      "mean_ic_tradable": 0.011144493153594554,
      "n_skipped_rebalances": 0,
      "avg_candidates": 479.9230769230769
    },
    {
      "fold": 11,
      "period": "2025-01->2025-04",
      "train_rows": 660101,
      "test_rows": 34000,
      "mean_ic": -0.04466938049746859,
      "ic_ir": -0.4443873121448138,
      "hit_rate_ic": 0.015625,
      "total_return": -0.18497116393822854,
      "sharpe": -5.071232381706714,
      "max_dd": -0.21704593419952742,
      "n_trades": 104,
      "win_rate": 0.28846153846153844,
      "median_return": -0.10005672501789797,
      "market_return": -0.19867053722518918,
      "mean_ic_tradable": -0.04037600575762667,