{
  "config_name": "v4_filt_baseline_spreadcost",
  "n_features": 28,
  "feat_cols": [
    "max_dd_60d",
    "vol_of_vol_60d",
    "ret_kurtosis_60d",
    "avg_trade_size_20d",
    "obv",
    "obv_vs_sma_60d",
    "amihud_60d",
    "downside_vol_60d",
    "ema_26",
    "spread_proxy_20d",
    "ret_skew_60d",
    "ret_252d",
    "sma_200",
    "sector_ret_60d",
    "realized_vol_120d",
    "macd_hist",
    "pct_from_52w_low",
    "adv_60d",
    "ret_vs_sector_60d",
    "vol_of_vol_ratio",
    "price_roc_smooth_120d",
    "vwap_dev_avg_20d",
    "reversal_20v60",
    "vol_regime_change",
    "beta_60d",
    "macd_signal",
    "dilution_pct",
    "current_ratio"
  ],
  "aggregate": {
    "n_features": 28,
    "n_folds": 16,
    "mean_ic": 0.006469639837115945,
    "mean_ic_tradable": 0.008291537237994213,
    "ic_std": 0.04277799253387571,
    "mean_sharpe": 1.4200401137808174,
    "mean_return": 0.08636318139753005,
    "median_return": 0.0770771132173117,
    "mean_alpha": 0.09140451557695592,
    "mean_win_rate": 0.4833743842364532,
    "selectivity_median": -0.011804281931907768,
    "folds_positive_ret": "12/16",
    "folds_positive_alpha": "11/16",
    "total_trades": 1624,
    "skipped_rebalances": 0
  },
  "folds": [
    {
      "fold": 1,
      "period": "2022-06->2022-09",
      "train_rows": 215868,
      "test_rows": 54053,
      "mean_ic": 0.04702670176508569,
      "ic_ir": 0.8163917034742714,
      "hit_rate_ic": 0.015151515151515152,
      "total_return": 0.27847468488189175,
      "sharpe": 6.118695055811991,
      "max_dd": -0.014389330428546787,
      "n_trades": 112,
      "win_rate": 0.5267857142857143,
      "median_return": 0.011084396372095063,
      "market_return": -0.04036560489565355,
      "mean_ic_tradable": 0.048856128626503216,
      "n_skipped_rebalances": 0,
      "avg_candidates": 754.6428571428571
    },
    {
      "fold": 2,
      "period": "2022-09->2022-12",
      "train_rows": 269921,
      "test_rows": 50790,
      "mean_ic": -0.07049516244918021,
      "ic_ir": -0.9560566774497874,
      "hit_rate_ic": 0.015384615384615385,
      "total_return": -0.1649465414757718,
      "sharpe": -6.835084566491322,
      "max_dd": -0.15521238538284174,
      "n_trades": 104,
      "win_rate": 0.3173076923076923,
      "median_return": -0.034148083963994574,
      "market_return": -0.02117647058823524,
      "mean_ic_tradable": -0.048909130303544636,
      "n_skipped_rebalances": 0,
      "avg_candidates": 703.0
    },
    {
      "fold": 3,
      "period": "2022-12->2023-03",
      "train_rows": 320711,
      "test_rows": 47974,
      "mean_ic": 0.05883643335607296,
      "ic_ir": 0.992605971829821,
      "hit_rate_ic": 0.015625,
      "total_return": 0.1881183963453663,
      "sharpe": 3.600853255215506,
      "max_dd": -0.05102449364745198,
      "n_trades": 104,
      "win_rate": 0.5865384615384616,
      "median_return": 0.01382784814914379,
      "market_return": -0.02974239917186522,
      "mean_ic_tradable": 0.052274359147479396,
      "n_skipped_rebalances": 0,
      "avg_candidates": 673.5384615384615
    },
    {
      "fold": 4,
      "period": "2023-03->2023-06",
      "train_rows": 368685,
      "test_rows": 46785,
      "mean_ic": 0.02828537442862504,
      "ic_ir": 0.5068664707659047,
      "hit_rate_ic": 0.015384615384615385,
      "total_return": 0.39649106019719094,
      "sharpe": 5.466990489658483,
      "max_dd": -0.011527774556708562,
      "n_trades": 104,
      "win_rate": 0.6346153846153846,
      "median_return": 0.02427579547934678,
      "market_return": 0.02405498281786933,
      "mean_ic_tradable": 0.02072147816883522,
      "n_skipped_rebalances": 0,
      "avg_candidates": 639.6153846153846
    },
    {
      "fold": 5,
      "period": "2023-06->2023-09",
      "train_rows": 415470,
      "test_rows": 44784,
      "mean_ic": -0.06473126319614893,
      "ic_ir": -0.9005087460756391,
      "hit_rate_ic": 0.015384615384615385,
      "total_return": 0.0017910293032699087,
      "sharpe": 0.31656909171395936,
      "max_dd": -0.10975176453342,
      "n_trades": 104,
      "win_rate": 0.4423076923076923,
      "median_return": -0.015132507049710656,
      "market_return": -0.054512962513811436,
      "mean_ic_tradable": -0.056559609674558205,
      "n_skipped_rebalances": 0,
      "avg_candidates": 618.0769230769231
    },
    {
      "fold": 6,
      "period": "2023-09->2023-12",
      "train_rows": 460254,
      "test_rows": 43788,
      "mean_ic": 0.0032395525522281674,
      "ic_ir": 0.03560310457890855,
      "hit_rate_ic": 0.015151515151515152,
      "total_return": 0.06577241221041152,
      "sharpe": 1.6152869416554114,
      "max_dd": -0.08882523385706825,
      "n_trades": 112,
      "win_rate": 0.5089285714285714,
      "median_return": 0.010290945580950318,
      "market_return": 0.03455284552845517,
      "mean_ic_tradable": 0.017988676309620918,
      "n_skipped_rebalances": 0,
      "avg_candidates": 568.7142857142857
    },
    {
      "fold": 7,
      "period": "2023-12->2024-03",
      "train_rows": 504042,
      "test_rows": 40845,
      "mean_ic": 0.0074948204184553885,
      "ic_ir": 0.1449438047534852,
      "hit_rate_ic": 0.015625,
      "total_return": 0.20262377508003038,
      "sharpe": 5.680558043142956,
      "max_dd": -0.01039394628873985,
      "n_trades": 104,
      "win_rate": 0.5576923076923077,
      "median_return": 0.005204339654637204,
      "market_return": -0.009033527894665438,
      "mean_ic_tradable": 0.01700745704985617,
      "n_skipped_rebalances": 0,
      "avg_candidates": 563.3846153846154
    },
    {
      "fold": 8,
      "period": "2024-03->2024-06",
      "train_rows": 544887,
      "test_rows": 39463,
      "mean_ic": 0.006938209857164365,
      "ic_ir": 0.16244507550256002,
      "hit_rate_ic": 0.015625,
      "total_return": 0.010859194596699373,
      "sharpe": -0.13853351896237018,
      "max_dd": -0.11419723537705755,
      "n_trades": 104,
      "win_rate": 0.46153846153846156,
      "median_return": -0.04917284323904089,
      "market_return": -0.039196521966527176,
      "mean_ic_tradable": 0.024448326397549514,
      "n_skipped_rebalances": 0,
      "avg_candidates": 536.3846153846154
    },
    {
      "fold": 9,
      "period": "2024-06->2024-09",
      "train_rows": 584350,
      "test_rows": 39119,
      "mean_ic": 0.044085608453384835,
      "ic_ir": 1.0063399962028503,
      "hit_rate_ic": 0.015151515151515152,
      "total_return": 0.1346230099005994,
      "sharpe": 2.7275526621306607,
      "max_dd": -0.041282185971725456,
      "n_trades": 112,
      "win_rate": 0.49107142857142855,
      "median_return": -0.0017689744394016665,
      "market_return": 0.059259259259259345,
      "mean_ic_tradable": 0.04805530651199505,
      "n_skipped_rebalances": 0,
      "avg_candidates": 519.5
    },
    {
      "fold": 10,
      "period": "2024-09->2025-01",
      "train_rows": 623469,
      "test_rows": 36632,
      "mean_ic": 0.034031932467551,
      "ic_ir": 0.58532440717178,
      "hit_rate_ic": 0.015384615384615385,
      "total_return": 0.08838181422421187,
      "sharpe": 1.7821072589784046,
      "max_dd": -0.0489664974971559,
      "n_trades": 104,
      "win_rate": 0.47115384615384615,
      "median_return": -0.009653638061021853,
      "market_return": 0.0,
      "mean_ic_tradable": 0.023195415292467506,
      "n_skipped_rebalances": 0,
      "avg_candidates": 505.0
    },
    {
      "fold": 11,
      "period": "2025-01->2025-04",
      "train_rows": 660101,
      "test_rows": 34000,
      "mean_ic": -0.04466938049746859,
      "ic_ir": -0.4443873121448138,
      "hit_rate_ic": 0.015625,
      "total_return": -0.2333543197409238,
      "sharpe": -6.546488429875003,
      "max_dd": -0.24999722223615362,
      "n_trades": 104,
      "win_rate": 0.25961538461538464,
      "median_return": -0.12043076136954517,
      "market_return": -0.19867053722518918,
      "mean_ic_tradable": -0.042030215776764676,