{
  "config_name": "v4_feat_E_ranks",
  "n_features": 38,
  "feat_cols": [
    "max_dd_60d",
    "vol_of_vol_60d",
    "ret_kurtosis_60d",
    "avg_trade_size_20d",
    "obv",
    "obv_vs_sma_60d",
    "amihud_60d",
    "downside_vol_60d",
    "ema_26",
    "spread_proxy_20d",
    "ret_skew_60d",
    "ret_252d",
    "sma_200",
    "sector_ret_60d",
    "realized_vol_120d",
    "macd_hist",
    "pct_from_52w_low",
    "adv_60d",
    "ret_vs_sector_60d",
    "vol_of_vol_ratio",
    "price_roc_smooth_120d",
    "vwap_dev_avg_20d",
    "reversal_20v60",
    "vol_regime_change",
    "beta_60d",
    "macd_signal",
    "dilution_pct",
    "current_ratio",
    "amihud_60d_rank",
    "obv_vs_sma_60d_rank",
    "avg_trade_size_20d_rank",
    "ema_26_rank",
    "adv_60d_rank",
    "realized_vol_120d_rank",
    "sma_200_rank",
    "obv_rank",
    "max_dd_60d_rank",
    "spread_proxy_20d_rank"
  ],
  "aggregate": {
    "n_features": 38,
    "n_folds": 16,
    "mean_ic": 0.011444924920245736,
    "mean_ic_tradable": 0.012357333142997314,
    "ic_std": 0.046406814166086836,
    "mean_sharpe": 1.831055658751845,
    "mean_return": 0.09803257398735934,
    "median_return": 0.09212909311660611,
    "mean_alpha": 0.10307390816678524,
    "mean_win_rate": 0.4538177339901478,
    "selectivity_median": -0.01699573827494267,
    "folds_positive_ret": "11/16",
    "folds_positive_alpha": "11/16",
    "total_trades": 1624,
    "skipped_rebalances": 0
  },
  "folds": [
    {
      "fold": 1,
      "period": "2022-06->2022-09",
      "train_rows": 215868,
      "test_rows": 54053,
      "mean_ic": 0.06680413820081849,
      "ic_ir": 1.0188577344589893,
      "hit_rate_ic": 0.015151515151515152,
      "total_return": 0.14072281636429795,
      "sharpe": 2.8970586948174546,
      "max_dd": -0.05993346176764272,
      "n_trades": 112,
      "win_rate": 0.41964285714285715,
      "median_return": -0.03415299334811531,
      "market_return": -0.04036560489565355,
      "mean_ic_tradable": 0.07105454813992339,
      "n_skipped_rebalances": 0,
      "avg_candidates": 754.6428571428571
    },
    {
      "fold": 2,
      "period": "2022-09->2022-12",
      "train_rows": 269921,
      "test_rows": 50790,
      "mean_ic": -0.042141454539866154,
      "ic_ir": -0.5693685451066346,
      "hit_rate_ic": 0.015384615384615385,
      "total_return": -0.06000458841621836,
      "sharpe": -1.1626685016717457,
      "max_dd": -0.12202573013685043,
      "n_trades": 104,
      "win_rate": 0.46153846153846156,
      "median_return": -0.01867031154388481,
      "market_return": -0.02117647058823524,
      "mean_ic_tradable": -0.030217985984874247,
      "n_skipped_rebalances": 0,
      "avg_candidates": 703.0
    },
    {
      "fold": 3,
      "period": "2022-12->2023-03",
      "train_rows": 320711,
      "test_rows": 47974,
      "mean_ic": 0.031933031817223415,
      "ic_ir": 0.3124180403552029,
      "hit_rate_ic": 0.015625,
      "total_return": 0.1626759499327508,
      "sharpe": 3.080069292028389,
      "max_dd": -0.05673055064250086,
      "n_trades": 104,
      "win_rate": 0.4230769230769231,
      "median_return": -0.005213564909762481,
      "market_return": -0.02974239917186522,
      "mean_ic_tradable": 0.03178864615994251,
      "n_skipped_rebalances": 0,
      "avg_candidates": 673.5384615384615
    },
    {
      "fold": 4,
      "period": "2023-03->2023-06",
      "train_rows": 368685,
      "test_rows": 46785,
      "mean_ic": 0.032641420994519964,
      "ic_ir": 0.8993810000087162,
      "hit_rate_ic": 0.015384615384615385,
      "total_return": 0.22627652921922703,
      "sharpe": 4.4309961618876175,
      "max_dd": -0.034588350032864944,
      "n_trades": 104,
      "win_rate": 0.5288461538461539,
      "median_return": 0.009911019499007589,
      "market_return": 0.02405498281786933,
      "mean_ic_tradable": 0.01634939615250301,
      "n_skipped_rebalances": 0,
      "avg_candidates": 639.6153846153846
    },
    {
      "fold": 5,
      "period": "2023-06->2023-09",
      "train_rows": 415470,
      "test_rows": 44784,
      "mean_ic": -0.041758553339015375,
      "ic_ir": -0.6714246498560429,
      "hit_rate_ic": 0.015384615384615385,
      "total_return": -0.07462087828793851,
      "sharpe": -1.7142576649702785,
      "max_dd": -0.1524154006181494,
      "n_trades": 104,
      "win_rate": 0.36538461538461536,
      "median_return": -0.05158630437820122,
      "market_return": -0.054512962513811436,
      "mean_ic_tradable": -0.03758975288145036,
      "n_skipped_rebalances": 0,
      "avg_candidates": 618.0769230769231
    },
    {
      "fold": 6,
      "period": "2023-09->2023-12",
      "train_rows": 460254,
      "test_rows": 43788,
      "mean_ic": 0.0223768745128629,
      "ic_ir": 0.3355332248644972,
      "hit_rate_ic": 0.015151515151515152,
      "total_return": 0.3021733265381159,
      "sharpe": 3.6101259430570454,
      "max_dd": -0.04669827597553233,
      "n_trades": 112,
      "win_rate": 0.5089285714285714,
      "median_return": 0.005207242849157188,
      "market_return": 0.03455284552845517,
      "mean_ic_tradable": 0.03329835973238641,
      "n_skipped_rebalances": 0,
      "avg_candidates": 568.7142857142857
    },
    {
      "fold": 7,
      "period": "2023-12->2024-03",
      "train_rows": 504042,
      "test_rows": 40845,
      "mean_ic": -0.005109468908467983,
      "ic_ir": -0.11762202384865054,
      "hit_rate_ic": 0.015625,
      "total_return": -0.010346828954878373,
      "sharpe": -0.6296114560823555,
      "max_dd": -0.034782318594981765,
      "n_trades": 104,
      "win_rate": 0.4326923076923077,
      "median_return": -0.003,
      "market_return": -0.009033527894665438,
      "mean_ic_tradable": 0.00750959553055267,
      "n_skipped_rebalances": 0,
      "avg_candidates": 563.3846153846154
    },
    {
      "fold": 8,
      "period": "2024-03->2024-06",
      "train_rows": 544887,
      "test_rows": 39463,
      "mean_ic": -0.014848660030550975,
      "ic_ir": -0.35174315306659026,
      "hit_rate_ic": 0.015625,
      "total_return": 0.04567663330998406,
      "sharpe": 1.27594122928891,
      "max_dd": -0.0740449914871558,
      "n_trades": 104,
      "win_rate": 0.40384615384615385,
      "median_return": -0.04400467543764275,
      "market_return": -0.039196521966527176,
      "mean_ic_tradable": -0.011219240553309147,
      "n_skipped_rebalances": 0,
      "avg_candidates": 536.3846153846154
    },
    {
      "fold": 9,
      "period": "2024-06->2024-09",
      "train_rows": 584350,
      "test_rows": 39119,
      "mean_ic": 0.047737868502527175,
      "ic_ir": 0.8431749085255442,
      "hit_rate_ic": 0.015151515151515152,
      "total_return": 0.24954052258245452,
      "sharpe": 4.491699902311899,
      "max_dd": -0.024400366311791287,
      "n_trades": 112,
      "win_rate": 0.5267857142857143,
      "median_return": 0.008401810206985539,
      "market_return": 0.059259259259259345,
      "mean_ic_tradable": 0.05007416997214405,
      "n_skipped_rebalances": 0,
      "avg_candidates": 519.5
    },
    {
      "fold": 10,
      "period": "2024-09->2025-01",
      "train_rows": 623469,
      "test_rows": 36632,
      "mean_ic": 0.04906101840465358,
      "ic_ir": 0.9034569252376627,
      "hit_rate_ic": 0.015384615384615385,
      "total_return": 0.18181064115884782,
      "sharpe": 4.763774524056434,
      "max_dd": -0.01987218679667501,
      "n_trades": 104,
      "win_rate": 0.47115384615384615,
      "median_return": -0.007385221990100276,
      "market_return": 0.0,
      "mean_ic_tradable": 0.0436345647979864,
      "n_skipped_rebalances": 0,
      "avg_candidates": 505.0
    },
    {
      "fold": 11,
      "period": "2025-01->2025-04",
      "train_rows": 660101,
      "test_rows": 34000,
      "mean_ic": -0.058727946301899946,
      "ic_ir": -0.6089141085839828,
      "hit_rate_ic": 0.015625,
      "total_return": -0.1024262603890631,
      "sharpe": -2.158433014993862,
      "max_dd": -0.16552150175717553,