{
  "config_name": "v4_model_bins8",
  "n_features": 28,
  "feat_cols": [
    "max_dd_60d",
    "vol_of_vol_60d",
    "ret_kurtosis_60d",
    "avg_trade_size_20d",
    "obv",
    "obv_vs_sma_60d",
    "amihud_60d",
    "downside_vol_60d",
    "ema_26",
    "spread_proxy_20d",
    "ret_skew_60d",
    "ret_252d",
    "sma_200",
    "sector_ret_60d",
    "realized_vol_120d",
    "macd_hist",
    "pct_from_52w_low",
    "adv_60d",
    "ret_vs_sector_60d",
    "vol_of_vol_ratio",
    "price_roc_smooth_120d",
    "vwap_dev_avg_20d",
    "reversal_20v60",
    "vol_regime_change",
    "beta_60d",
    "macd_signal",
    "dilution_pct",
    "current_ratio"
  ],
  "aggregate": {
    "n_features": 28,
    "n_folds": 16,
    "mean_ic": 0.016067606946059475,
    "mean_ic_tradable": 0.01610868058816097,
    "ic_std": 0.04827573313029013,
    "mean_sharpe": 2.95919211011157,
    "mean_return": 0.12113554657782036,
    "median_return": 0.09352051812213724,
    "mean_alpha": 0.12617688075724623,
    "mean_win_rate": 0.4938423645320197,
    "selectivity_median": -0.001013054313787001,
    "folds_positive_ret": "13/16",
    "folds_positive_alpha": "15/16",
    "total_trades": 1624,
    "skipped_rebalances": 0
  },
  "folds": [
    {
      "fold": 1,
      "period": "2022-06->2022-09",
      "train_rows": 215868,
      "test_rows": 54053,
      "mean_ic": 0.06150606739118651,
      "ic_ir": 0.8381590365557992,
      "hit_rate_ic": 0.015151515151515152,
      "total_return": 0.0754523214680265,
      "sharpe": 1.5551400310325176,
      "max_dd": -0.06948605391014617,
      "n_trades": 112,
      "win_rate": 0.4642857142857143,
      "median_return": -0.004339814720769247,
      "market_return": -0.04036560489565355,
      "mean_ic_tradable": 0.06155006792078899,
      "n_skipped_rebalances": 0,
      "avg_candidates": 754.6428571428571
    },
    {
      "fold": 2,
      "period": "2022-09->2022-12",
      "train_rows": 269921,
      "test_rows": 50790,
      "mean_ic": -0.0383814041118975,
      "ic_ir": -0.6215673532451456,
      "hit_rate_ic": 0.015384615384615385,
      "total_return": 0.04397358318478117,
      "sharpe": 1.4560570447488699,
      "max_dd": -0.06513960338849313,
      "n_trades": 104,
      "win_rate": 0.4519230769230769,
      "median_return": -0.0035304101838755505,
      "market_return": -0.02117647058823524,
      "mean_ic_tradable": -0.026741417003457814,
      "n_skipped_rebalances": 0,
      "avg_candidates": 703.0
    },
    {
      "fold": 3,
      "period": "2022-12->2023-03",
      "train_rows": 320711,
      "test_rows": 47974,
      "mean_ic": 0.05071899913982905,
      "ic_ir": 0.5826314559808451,
      "hit_rate_ic": 0.015625,
      "total_return": 0.20748625274341448,
      "sharpe": 3.059817348443643,
      "max_dd": -0.0883226367563199,
      "n_trades": 104,
      "win_rate": 0.5192307692307693,
      "median_return": 0.0006362905178125349,
      "market_return": -0.02974239917186522,
      "mean_ic_tradable": 0.0446223762008503,
      "n_skipped_rebalances": 0,
      "avg_candidates": 673.5384615384615
    },
    {
      "fold": 4,
      "period": "2023-03->2023-06",
      "train_rows": 368685,
      "test_rows": 46785,
      "mean_ic": 0.009423799779525215,
      "ic_ir": 0.1409844973644921,
      "hit_rate_ic": 0.015384615384615385,
      "total_return": 0.052444387942705006,
      "sharpe": 1.9188654002120775,
      "max_dd": -0.06727965908398904,
      "n_trades": 104,
      "win_rate": 0.5480769230769231,
      "median_return": 0.0044484242208813665,
      "market_return": 0.02405498281786933,
      "mean_ic_tradable": 0.002387716253352746,
      "n_skipped_rebalances": 0,
      "avg_candidates": 639.6153846153846
    },
    {
      "fold": 5,
      "period": "2023-06->2023-09",
      "train_rows": 415470,
      "test_rows": 44784,
      "mean_ic": -0.05592075964272613,
      "ic_ir": -0.846124018193045,
      "hit_rate_ic": 0.015384615384615385,
      "total_return": -0.06500904287716325,
      "sharpe": -1.441638828488289,
      "max_dd": -0.13713856980293637,
      "n_trades": 104,
      "win_rate": 0.3942307692307692,
      "median_return": -0.040109077040427044,
      "market_return": -0.054512962513811436,
      "mean_ic_tradable": -0.0515424931406719,
      "n_skipped_rebalances": 0,
      "avg_candidates": 618.0769230769231
    },
    {
      "fold": 6,
      "period": "2023-09->2023-12",
      "train_rows": 460254,
      "test_rows": 43788,
      "mean_ic": 0.006241900769997054,
      "ic_ir": 0.10583430731204205,
      "hit_rate_ic": 0.015151515151515152,
      "total_return": 0.050639233593623434,
      "sharpe": 1.595661961869891,
      "max_dd": -0.03828989833073445,
      "n_trades": 112,
      "win_rate": 0.5089285714285714,
      "median_return": 0.0037237726812194135,
      "market_return": 0.03455284552845517,
      "mean_ic_tradable": 0.015088130828605287,
      "n_skipped_rebalances": 0,
      "avg_candidates": 568.7142857142857
    },
    {
      "fold": 7,
      "period": "2023-12->2024-03",
      "train_rows": 504042,
      "test_rows": 40845,
      "mean_ic": 0.02821479289006317,
      "ic_ir": 0.5465612094707324,
      "hit_rate_ic": 0.015625,
      "total_return": 0.35676230242903495,
      "sharpe": 5.2452337474415565,
      "max_dd": -0.006906295895790143,
      "n_trades": 104,
      "win_rate": 0.5384615384615384,
      "median_return": 0.003758920344727503,
      "market_return": -0.009033527894665438,
      "mean_ic_tradable": 0.033468665414682394,
      "n_skipped_rebalances": 0,
      "avg_candidates": 563.3846153846154
    },
    {
      "fold": 8,
      "period": "2024-03->2024-06",
      "train_rows": 544887,
      "test_rows": 39463,
      "mean_ic": 0.022068378995552765,
      "ic_ir": 0.8220476041401187,
      "hit_rate_ic": 0.015625,
      "total_return": -0.013885249916970266,
      "sharpe": -0.6659322931461814,
      "max_dd": -0.07889322278943006,
      "n_trades": 104,
      "win_rate": 0.40384615384615385,
      "median_return": -0.06492538426040956,
      "market_return": -0.039196521966527176,
      "mean_ic_tradable": 0.03419347436741851,
      "n_skipped_rebalances": 0,
      "avg_candidates": 536.3846153846154
    },
    {
      "fold": 9,
      "period": "2024-06->2024-09",
      "train_rows": 584350,
      "test_rows": 39119,
      "mean_ic": 0.07454858508370811,
      "ic_ir": 1.442819632805337,
      "hit_rate_ic": 0.015151515151515152,
      "total_return": 0.16148192104607828,
      "sharpe": 3.6405120025137947,
      "max_dd": -0.043245279841242705,
      "n_trades": 112,
      "win_rate": 0.5625,
      "median_return": 0.03215268515268512,
      "market_return": 0.059259259259259345,
      "mean_ic_tradable": 0.07096824996545653,
      "n_skipped_rebalances": 0,
      "avg_candidates": 519.5
    },
    {
      "fold": 10,
      "period": "2024-09->2025-01",
      "train_rows": 623469,
      "test_rows": 36632,
      "mean_ic": 0.01508302602243263,
      "ic_ir": 0.31011986344491427,
      "hit_rate_ic": 0.015384615384615385,
      "total_return": 0.05971558799027532,
      "sharpe": 1.6240888938028784,
      "max_dd": -0.05642721258737505,
      "n_trades": 104,
      "win_rate": 0.4519230769230769,
      "median_return": -0.012554871197975962,
      "market_return": 0.0,
      "mean_ic_tradable": 0.0124799828815692,
      "n_skipped_rebalances": 0,
      "avg_candidates": 505.0
    },
    {
      "fold": 11,
      "period": "2025-01->2025-04",
      "train_rows": 660101,
      "test_rows": 34000,
      "mean_ic": -0.02091676097650668,
      "ic_ir": -0.2591893796568634,
      "hit_rate_ic": 0.015625,
      "total_return": -0.14684191059148166,
      "sharpe": -4.569676236566928,
      "max_dd": -0.18058185168648774,
      "n_trades": 104,
      "win_rate": 0.3173076923076923,
      "median_return": -0.07242203945628596,
      "market_return": -0.19867053722518918,
      "mean_ic_tradable": -0.013127442898642845,
      "n_skipped_rebalances": 0,