{
  "config_name": "v4_model_bins32",
  "n_features": 28,
  "feat_cols": [
    "max_dd_60d",
    "vol_of_vol_60d",
    "ret_kurtosis_60d",
    "avg_trade_size_20d",
    "obv",
    "obv_vs_sma_60d",
    "amihud_60d",
    "downside_vol_60d",
    "ema_26",
    "spread_proxy_20d",
    "ret_skew_60d",
    "ret_252d",
    "sma_200",
    "sector_ret_60d",
    "realized_vol_120d",
    "macd_hist",
    "pct_from_52w_low",
    "adv_60d",
    "ret_vs_sector_60d",
    "vol_of_vol_ratio",
    "price_roc_smooth_120d",
    "vwap_dev_avg_20d",
    "reversal_20v60",
    "vol_regime_change",
    "beta_60d",
    "macd_signal",
    "dilution_pct",
    "current_ratio"
  ],
  "aggregate": {
    "n_features": 28,
    "n_folds": 16,
    "mean_ic": 0.0038559233893344837,
    "mean_ic_tradable": 0.00810802944552661,
    "ic_std": 0.042978125922239055,
    "mean_sharpe": 2.3401262125697233,
    "mean_return": 0.11891771118339298,
    "median_return": 0.14731530926730207,
    "mean_alpha": 0.12395904536281885,
    "mean_win_rate": 0.4802955665024631,
    "selectivity_median": -0.009965231777044309,
    "folds_positive_ret": "12/16",
    "folds_positive_alpha": "13/16",
    "total_trades": 1624,
    "skipped_rebalances": 0
  },
  "folds": [
    {
      "fold": 1,
      "period": "2022-06->2022-09",
      "train_rows": 215868,
      "test_rows": 54053,
      "mean_ic": 0.04790286205423805,
      "ic_ir": 0.9921915401753427,
      "hit_rate_ic": 0.015151515151515152,
      "total_return": 0.1868493764742991,
      "sharpe": 3.5808868765601916,
      "max_dd": -0.051644251015174135,
      "n_trades": 112,
      "win_rate": 0.5446428571428571,
      "median_return": 0.002938724382157943,
      "market_return": -0.04036560489565355,
      "mean_ic_tradable": 0.04413339437376196,
      "n_skipped_rebalances": 0,
      "avg_candidates": 754.6428571428571
    },
    {
      "fold": 2,
      "period": "2022-09->2022-12",
      "train_rows": 269921,
      "test_rows": 50790,
      "mean_ic": -0.04901127410916229,
      "ic_ir": -0.660792234095547,
      "hit_rate_ic": 0.015384615384615385,
      "total_return": -0.03586104369572474,
      "sharpe": -1.4385708469069456,
      "max_dd": -0.08024666274407506,
      "n_trades": 104,
      "win_rate": 0.34615384615384615,
      "median_return": -0.025072432674757388,
      "market_return": -0.02117647058823524,
      "mean_ic_tradable": -0.029341359030337345,
      "n_skipped_rebalances": 0,
      "avg_candidates": 703.0
    },
    {
      "fold": 3,
      "period": "2022-12->2023-03",
      "train_rows": 320711,
      "test_rows": 47974,
      "mean_ic": 0.05621893678817915,
      "ic_ir": 0.7490509088491532,
      "hit_rate_ic": 0.015625,
      "total_return": 0.27814243770807834,
      "sharpe": 3.1875446431077425,
      "max_dd": -0.10159623903575025,
      "n_trades": 104,
      "win_rate": 0.5192307692307693,
      "median_return": 0.0007370261732851519,
      "market_return": -0.02974239917186522,
      "mean_ic_tradable": 0.061445672931836795,
      "n_skipped_rebalances": 0,
      "avg_candidates": 673.5384615384615
    },
    {
      "fold": 4,
      "period": "2023-03->2023-06",
      "train_rows": 368685,
      "test_rows": 46785,
      "mean_ic": 0.011987380501945285,
      "ic_ir": 0.20852076673242004,
      "hit_rate_ic": 0.015384615384615385,
      "total_return": 0.1485522634597194,
      "sharpe": 5.08770068833347,
      "max_dd": -0.03341863677217515,
      "n_trades": 104,
      "win_rate": 0.6442307692307693,
      "median_return": 0.03337757526022535,
      "market_return": 0.02405498281786933,
      "mean_ic_tradable": 0.004284680088314717,
      "n_skipped_rebalances": 0,
      "avg_candidates": 639.6153846153846
    },
    {
      "fold": 5,
      "period": "2023-06->2023-09",
      "train_rows": 415470,
      "test_rows": 44784,
      "mean_ic": -0.052317902845577136,
      "ic_ir": -0.9435874859986145,
      "hit_rate_ic": 0.015384615384615385,
      "total_return": -0.16465041312279283,
      "sharpe": -4.2960891612459795,
      "max_dd": -0.20617865301323113,
      "n_trades": 104,
      "win_rate": 0.3173076923076923,
      "median_return": -0.0584172194929537,
      "market_return": -0.054512962513811436,
      "mean_ic_tradable": -0.03422102659709508,
      "n_skipped_rebalances": 0,
      "avg_candidates": 618.0769230769231
    },
    {
      "fold": 6,
      "period": "2023-09->2023-12",
      "train_rows": 460254,
      "test_rows": 43788,
      "mean_ic": 0.015373041152034713,
      "ic_ir": 0.16028344539302572,
      "hit_rate_ic": 0.015151515151515152,
      "total_return": 0.37406947992530104,
      "sharpe": 4.55993666898719,
      "max_dd": -0.02468078222357493,
      "n_trades": 112,
      "win_rate": 0.5178571428571429,
      "median_return": 0.005769075430797328,
      "market_return": 0.03455284552845517,
      "mean_ic_tradable": 0.03129430414789581,
      "n_skipped_rebalances": 0,
      "avg_candidates": 568.7142857142857
    },
    {
      "fold": 7,
      "period": "2023-12->2024-03",
      "train_rows": 504042,
      "test_rows": 40845,
      "mean_ic": -0.013717277081671787,
      "ic_ir": -0.31143039736377964,
      "hit_rate_ic": 0.015625,
      "total_return": 0.1958628723679594,
      "sharpe": 3.1466805494982872,
      "max_dd": -0.042187594640897996,
      "n_trades": 104,
      "win_rate": 0.4326923076923077,
      "median_return": -0.04353579270970567,
      "market_return": -0.009033527894665438,
      "mean_ic_tradable": 0.004653655904131142,
      "n_skipped_rebalances": 0,
      "avg_candidates": 563.3846153846154
    },
    {
      "fold": 8,
      "period": "2024-03->2024-06",
      "train_rows": 544887,
      "test_rows": 39463,
      "mean_ic": 0.009969167540549618,
      "ic_ir": 0.2928199046582831,
      "hit_rate_ic": 0.015625,
      "total_return": 0.14607835507488476,
      "sharpe": 4.074342011063159,
      "max_dd": -0.04562179203255694,
      "n_trades": 104,
      "win_rate": 0.4230769230769231,
      "median_return": -0.028509302051997344,
      "market_return": -0.039196521966527176,
      "mean_ic_tradable": 0.028541527662199334,
      "n_skipped_rebalances": 0,
      "avg_candidates": 536.3846153846154
    },
    {
      "fold": 9,
      "period": "2024-06->2024-09",
      "train_rows": 584350,
      "test_rows": 39119,
      "mean_ic": 0.030073563083140332,
      "ic_ir": 0.5915773212788547,
      "hit_rate_ic": 0.015151515151515152,
      "total_return": 0.1418477907508522,
      "sharpe": 3.0092104593422633,
      "max_dd": -0.07408406387354229,
      "n_trades": 112,
      "win_rate": 0.5089285714285714,
      "median_return": 0.012158685968819614,
      "market_return": 0.059259259259259345,
      "mean_ic_tradable": 0.03667223356839385,
      "n_skipped_rebalances": 0,
      "avg_candidates": 519.5
    },
    {
      "fold": 10,
      "period": "2024-09->2025-01",
      "train_rows": 623469,
      "test_rows": 36632,
      "mean_ic": 0.04529076114878152,
      "ic_ir": 1.0838248264943426,
      "hit_rate_ic": 0.015384615384615385,
      "total_return": 0.23676640619004075,
      "sharpe": 4.158512610037525,
      "max_dd": -0.05024332040275539,
      "n_trades": 104,
      "win_rate": 0.5192307692307693,
      "median_return": 0.0038347521722597653,
      "market_return": 0.0,
      "mean_ic_tradable": 0.037758050542103974,
      "n_skipped_rebalances": 0,
      "avg_candidates": 505.0
    },
    {
      "fold": 11,
      "period": "2025-01->2025-04",
      "train_rows": 660101,
      "test_rows": 34000,
      "mean_ic": -0.04406830028736729,
      "ic_ir": -0.4532877583125271,
      "hit_rate_ic": 0.015625,
      "total_return": -0.1419010201691262,
      "sharpe": -4.112700825858006,
      "max_dd": -0.1751832628769069,
      "n_trades": 104,
      "win_rate": 0.3269230769230769,
      "median_return": -0.09210595653642603,
      "market_return": -0.19867053722518918,
      "mean_ic_tradable": -0.04155266751095925,
      "n_skipped_rebalances": 0,