{
  "config_name": "v4_model_blend",
  "n_features": 28,
  "feat_cols": [
    "max_dd_60d",
    "vol_of_vol_60d",
    "ret_kurtosis_60d",
    "avg_trade_size_20d",
    "obv",
    "obv_vs_sma_60d",
    "amihud_60d",
    "downside_vol_60d",
    "ema_26",
    "spread_proxy_20d",
    "ret_skew_60d",
    "ret_252d",
    "sma_200",
    "sector_ret_60d",
    "realized_vol_120d",
    "macd_hist",
    "pct_from_52w_low",
    "adv_60d",
    "ret_vs_sector_60d",
    "vol_of_vol_ratio",
    "price_roc_smooth_120d",
    "vwap_dev_avg_20d",
    "reversal_20v60",
    "vol_regime_change",
    "beta_60d",
    "macd_signal",
    "dilution_pct",
    "current_ratio"
  ],
  "aggregate": {
    "n_features": 28,
    "n_folds": 16,
    "mean_ic": 0.01607689124090949,
    "mean_ic_tradable": 0.01715424916707719,
    "ic_std": 0.04971729961178328,
    "mean_sharpe": 2.4437377610029043,
    "mean_return": 0.11336400971061741,
    "median_return": 0.07144547237450483,
    "mean_alpha": 0.11840534389004331,
    "mean_win_rate": 0.4766009852216749,
    "selectivity_median": -0.01400705969256039,
    "folds_positive_ret": "14/16",
    "folds_positive_alpha": "13/16",
    "total_trades": 1624,
    "skipped_rebalances": 0
  },
  "folds": [
    {
      "fold": 1,
      "period": "2022-06->2022-09",
      "train_rows": 215868,
      "test_rows": 54053,
      "mean_ic": 0.08262244678247718,
      "ic_ir": 1.1900580486691326,
      "hit_rate_ic": 0.9090909090909091,
      "total_return": 0.3398569653554373,
      "sharpe": 4.381930966734917,
      "max_dd": -0.05597426622882088,
      "n_trades": 112,
      "win_rate": 0.5357142857142857,
      "median_return": 0.007483460559796418,
      "market_return": -0.04036560489565355,
      "mean_ic_tradable": 0.08477131532426144,
      "n_skipped_rebalances": 0,
      "avg_candidates": 754.6428571428571
    },
    {
      "fold": 2,
      "period": "2022-09->2022-12",
      "train_rows": 269921,
      "test_rows": 50790,
      "mean_ic": -0.06971256988505975,
      "ic_ir": -0.6959139084471035,
      "hit_rate_ic": 0.15384615384615385,
      "total_return": -0.10648484725262741,
      "sharpe": -1.6683436316649283,
      "max_dd": -0.18745577268403232,
      "n_trades": 104,
      "win_rate": 0.2980769230769231,
      "median_return": -0.04529877152527742,
      "market_return": -0.02117647058823524,
      "mean_ic_tradable": -0.050688159815172926,
      "n_skipped_rebalances": 0,
      "avg_candidates": 703.0
    },
    {
      "fold": 3,
      "period": "2022-12->2023-03",
      "train_rows": 320711,
      "test_rows": 47974,
      "mean_ic": 0.07207574390450255,
      "ic_ir": 0.9692225986234579,
      "hit_rate_ic": 0.796875,
      "total_return": 0.3043962213101974,
      "sharpe": 4.231016621164117,
      "max_dd": -0.053677494012693804,
      "n_trades": 104,
      "win_rate": 0.6057692307692307,
      "median_return": 0.03080882392721561,
      "market_return": -0.02974239917186522,
      "mean_ic_tradable": 0.0679595724520792,
      "n_skipped_rebalances": 0,
      "avg_candidates": 673.5384615384615
    },
    {
      "fold": 4,
      "period": "2023-03->2023-06",
      "train_rows": 368685,
      "test_rows": 46785,
      "mean_ic": 0.033781967198994914,
      "ic_ir": 0.5410743074469937,
      "hit_rate_ic": 0.676923076923077,
      "total_return": 0.3991410941733893,
      "sharpe": 7.757140844509044,
      "max_dd": -0.009109542622965063,
      "n_trades": 104,
      "win_rate": 0.5384615384615384,
      "median_return": 0.006648818774387593,
      "market_return": 0.02405498281786933,
      "mean_ic_tradable": 0.02303458726820478,
      "n_skipped_rebalances": 0,
      "avg_candidates": 639.6153846153846
    },
    {
      "fold": 5,
      "period": "2023-06->2023-09",
      "train_rows": 415470,
      "test_rows": 44784,
      "mean_ic": -0.03975052311835623,
      "ic_ir": -0.4262360873547553,
      "hit_rate_ic": 0.47692307692307695,
      "total_return": 0.04548372512713894,
      "sharpe": 1.762201986648202,
      "max_dd": -0.04730219276975191,
      "n_trades": 104,
      "win_rate": 0.5192307692307693,
      "median_return": 0.002056086905183566,
      "market_return": -0.054512962513811436,
      "mean_ic_tradable": -0.035021701500655325,
      "n_skipped_rebalances": 0,
      "avg_candidates": 618.0769230769231
    },
    {
      "fold": 6,
      "period": "2023-09->2023-12",
      "train_rows": 460254,
      "test_rows": 43788,
      "mean_ic": 0.015953843951619827,
      "ic_ir": 0.15078391847190614,
      "hit_rate_ic": 0.5606060606060606,
      "total_return": 0.07964610810166439,
      "sharpe": 1.9745411274283682,
      "max_dd": -0.07922261917190569,
      "n_trades": 112,
      "win_rate": 0.48214285714285715,
      "median_return": -0.014407013095046441,
      "market_return": 0.03455284552845517,
      "mean_ic_tradable": 0.02692278995851669,
      "n_skipped_rebalances": 0,
      "avg_candidates": 568.7142857142857
    },
    {
      "fold": 7,
      "period": "2023-12->2024-03",
      "train_rows": 504042,
      "test_rows": 40845,
      "mean_ic": 0.013436361313512784,
      "ic_ir": 0.19282760720217293,
      "hit_rate_ic": 0.609375,
      "total_return": 0.042706183272584575,
      "sharpe": 1.3796267607548194,
      "max_dd": -0.04194304165894323,
      "n_trades": 104,
      "win_rate": 0.5,
      "median_return": -0.00013044474273527927,
      "market_return": -0.009033527894665438,
      "mean_ic_tradable": 0.023120829603095805,
      "n_skipped_rebalances": 0,
      "avg_candidates": 563.3846153846154
    },
    {
      "fold": 8,
      "period": "2024-03->2024-06",
      "train_rows": 544887,
      "test_rows": 39463,
      "mean_ic": 0.016305524906098375,
      "ic_ir": 0.2895098386139142,
      "hit_rate_ic": 0.609375,
      "total_return": 0.02974486193680037,
      "sharpe": 0.7334118273311061,
      "max_dd": -0.07036692262350532,
      "n_trades": 104,
      "win_rate": 0.3942307692307692,
      "median_return": -0.04878166654437838,
      "market_return": -0.039196521966527176,
      "mean_ic_tradable": 0.027039626725684596,
      "n_skipped_rebalances": 0,
      "avg_candidates": 536.3846153846154
    },
    {
      "fold": 9,
      "period": "2024-06->2024-09",
      "train_rows": 584350,
      "test_rows": 39119,
      "mean_ic": 0.03876861383457425,
      "ic_ir": 0.5912750141240597,
      "hit_rate_ic": 0.6818181818181818,
      "total_return": 0.20804940721225185,
      "sharpe": 4.06832823882843,
      "max_dd": -0.054930883662405366,
      "n_trades": 112,
      "win_rate": 0.5803571428571429,
      "median_return": 0.04285902466367714,
      "market_return": 0.059259259259259345,
      "mean_ic_tradable": 0.045594709203777284,
      "n_skipped_rebalances": 0,
      "avg_candidates": 519.5
    },
    {
      "fold": 10,
      "period": "2024-09->2025-01",
      "train_rows": 623469,
      "test_rows": 36632,
      "mean_ic": 0.04384372260047086,
      "ic_ir": 0.7034466652616839,
      "hit_rate_ic": 0.7538461538461538,
      "total_return": 0.06324483664734526,
      "sharpe": 1.3628984775844353,
      "max_dd": -0.09178392543107572,
      "n_trades": 104,
      "win_rate": 0.4326923076923077,
      "median_return": -0.05433515430409913,
      "market_return": 0.0,
      "mean_ic_tradable": 0.03463838908477633,
      "n_skipped_rebalances": 0,
      "avg_candidates": 505.0
    },
    {
      "fold": 11,
      "period": "2025-01->2025-04",
      "train_rows": 660101,
      "test_rows": 34000,
      "mean_ic": -0.05176686688467768,
      "ic_ir": -0.4048134329241266,
      "hit_rate_ic": 0.3125,
      "total_return": -0.2328513311760464,
      "sharpe": -6.019179913897273,
      "max_dd": -0.25079031059506585,
      "n_trades": 104,
      "win_rate": 0.23076923076923078,
      "median_return": -0.13115039805270315,
      "market_return": -0.19867053722518918,
      "mean_ic_tradable": -0.0509572705408482,
      "n_skipped_rebalances": 0,