{
  "config_name": "v4_nofilt_nometa",
  "n_features": 28,
  "feat_cols": [
    "max_dd_60d",
    "vol_of_vol_60d",
    "ret_kurtosis_60d",
    "avg_trade_size_20d",
    "obv",
    "obv_vs_sma_60d",
    "amihud_60d",
    "downside_vol_60d",
    "ema_26",
    "spread_proxy_20d",
    "ret_skew_60d",
    "ret_252d",
    "sma_200",
    "sector_ret_60d",
    "realized_vol_120d",
    "macd_hist",
    "pct_from_52w_low",
    "adv_60d",
    "ret_vs_sector_60d",
    "vol_of_vol_ratio",
    "price_roc_smooth_120d",
    "vwap_dev_avg_20d",
    "reversal_20v60",
    "vol_regime_change",
    "beta_60d",
    "macd_signal",
    "dilution_pct",
    "current_ratio"
  ],
  "aggregate": {
    "n_features": 28,
    "n_folds": 16,
    "mean_ic": 0.006469639837115945,
    "mean_ic_tradable": 0.006469639837115945,
    "ic_std": 0.04277799253387571,
    "mean_sharpe": 2.899644431694908,
    "mean_return": 0.18398287885945414,
    "median_return": 0.19170385092704034,
    "mean_alpha": 0.18902421303888003,
    "mean_win_rate": 0.4944581280788177,
    "selectivity_median": -0.0068997519766961675,
    "folds_positive_ret": "14/16",
    "folds_positive_alpha": "15/16",
    "total_trades": 1624,
    "skipped_rebalances": 0
  },
  "folds": [
    {
      "fold": 1,
      "period": "2022-06->2022-09",
      "train_rows": 215868,
      "test_rows": 54053,
      "mean_ic": 0.04702670176508569,
      "ic_ir": 0.8163917034742714,
      "hit_rate_ic": 0.015151515151515152,
      "total_return": 0.35875764599761695,
      "sharpe": 4.168079873859814,
      "max_dd": -0.052564091336876693,
      "n_trades": 112,
      "win_rate": 0.5892857142857143,
      "median_return": 0.032637621587144075,
      "market_return": -0.04036560489565355,
      "mean_ic_tradable": 0.04702670176508569,
      "n_skipped_rebalances": 0,
      "avg_candidates": 818.3571428571429
    },
    {
      "fold": 2,
      "period": "2022-09->2022-12",
      "train_rows": 269921,
      "test_rows": 50790,
      "mean_ic": -0.07049516244918021,
      "ic_ir": -0.9560566774497874,
      "hit_rate_ic": 0.015384615384615385,
      "total_return": -0.11654044886683967,
      "sharpe": -3.140072897361003,
      "max_dd": -0.1470802674538891,
      "n_trades": 104,
      "win_rate": 0.38461538461538464,
      "median_return": -0.07112908056304289,
      "market_return": -0.02117647058823524,
      "mean_ic_tradable": -0.07049516244918021,
      "n_skipped_rebalances": 0,
      "avg_candidates": 782.7692307692307
    },
    {
      "fold": 3,
      "period": "2022-12->2023-03",
      "train_rows": 320711,
      "test_rows": 47974,
      "mean_ic": 0.05883643335607296,
      "ic_ir": 0.992605971829821,
      "hit_rate_ic": 0.015625,
      "total_return": 0.284560424784182,
      "sharpe": 3.3836111609751987,
      "max_dd": -0.08104148308479786,
      "n_trades": 104,
      "win_rate": 0.5961538461538461,
      "median_return": 0.024107851249639815,
      "market_return": -0.02974239917186522,
      "mean_ic_tradable": 0.05883643335607296,
      "n_skipped_rebalances": 0,
      "avg_candidates": 750.5384615384615
    },
    {
      "fold": 4,
      "period": "2023-03->2023-06",
      "train_rows": 368685,
      "test_rows": 46785,
      "mean_ic": 0.02828537442862504,
      "ic_ir": 0.5068664707659047,
      "hit_rate_ic": 0.015384615384615385,
      "total_return": 0.35160121086052376,
      "sharpe": 5.470885507749749,
      "max_dd": -0.011312202648249382,
      "n_trades": 104,
      "win_rate": 0.5480769230769231,
      "median_return": 0.01797830848960837,
      "market_return": 0.02405498281786933,
      "mean_ic_tradable": 0.02828537442862504,
      "n_skipped_rebalances": 0,
      "avg_candidates": 720.4615384615385
    },
    {
      "fold": 5,
      "period": "2023-06->2023-09",
      "train_rows": 415470,
      "test_rows": 44784,
      "mean_ic": -0.06473126319614893,
      "ic_ir": -0.9005087460756391,
      "hit_rate_ic": 0.015384615384615385,
      "total_return": 0.007693214725462694,
      "sharpe": 0.46609203226450047,
      "max_dd": -0.10658754826275862,
      "n_trades": 104,
      "win_rate": 0.41346153846153844,
      "median_return": -0.03889799326903755,
      "market_return": -0.054512962513811436,
      "mean_ic_tradable": -0.06473126319614893,
      "n_skipped_rebalances": 0,
      "avg_candidates": 689.7692307692307
    },
    {
      "fold": 6,
      "period": "2023-09->2023-12",
      "train_rows": 460254,
      "test_rows": 43788,
      "mean_ic": 0.0032395525522281674,
      "ic_ir": 0.03560310457890855,
      "hit_rate_ic": 0.015151515151515152,
      "total_return": 0.06033057276662945,
      "sharpe": 1.733070054610984,
      "max_dd": -0.05256729357141157,
      "n_trades": 112,
      "win_rate": 0.5089285714285714,
      "median_return": 0.013235522434404609,
      "market_return": 0.03455284552845517,
      "mean_ic_tradable": 0.0032395525522281674,
      "n_skipped_rebalances": 0,
      "avg_candidates": 663.9285714285714
    },
    {
      "fold": 7,
      "period": "2023-12->2024-03",
      "train_rows": 504042,
      "test_rows": 40845,
      "mean_ic": 0.0074948204184553885,
      "ic_ir": 0.1449438047534852,
      "hit_rate_ic": 0.015625,
      "total_return": 0.24174233833295,
      "sharpe": 3.5065709442946074,
      "max_dd": -0.0293221663214462,
      "n_trades": 104,
      "win_rate": 0.49038461538461536,
      "median_return": -0.0036677115987460646,
      "market_return": -0.009033527894665438,
      "mean_ic_tradable": 0.0074948204184553885,
      "n_skipped_rebalances": 0,
      "avg_candidates": 638.5384615384615
    },
    {
      "fold": 8,
      "period": "2024-03->2024-06",
      "train_rows": 544887,
      "test_rows": 39463,
      "mean_ic": 0.006938209857164365,
      "ic_ir": 0.16244507550256002,
      "hit_rate_ic": 0.015625,
      "total_return": 0.015158865546314848,
      "sharpe": 0.38528739850104454,
      "max_dd": -0.09065599040333676,
      "n_trades": 104,
      "win_rate": 0.3942307692307692,
      "median_return": -0.05916666666666672,
      "market_return": -0.039196521966527176,
      "mean_ic_tradable": 0.006938209857164365,
      "n_skipped_rebalances": 0,
      "avg_candidates": 617.2307692307693
    },
    {
      "fold": 9,
      "period": "2024-06->2024-09",
      "train_rows": 584350,
      "test_rows": 39119,
      "mean_ic": 0.044085608453384835,
      "ic_ir": 1.0063399962028503,
      "hit_rate_ic": 0.015151515151515152,
      "total_return": 0.17095819110881094,
      "sharpe": 2.991595601526122,
      "max_dd": -0.06212229716658491,
      "n_trades": 112,
      "win_rate": 0.48214285714285715,
      "median_return": -0.006596582342100801,
      "market_return": 0.059259259259259345,
      "mean_ic_tradable": 0.044085608453384835,
      "n_skipped_rebalances": 0,
      "avg_candidates": 592.5
    },
    {
      "fold": 10,
      "period": "2024-09->2025-01",
      "train_rows": 623469,
      "test_rows": 36632,
      "mean_ic": 0.034031932467551,
      "ic_ir": 0.58532440717178,
      "hit_rate_ic": 0.015384615384615385,
      "total_return": 0.3349938461024635,
      "sharpe": 3.958793268350407,
      "max_dd": -0.04753093666945371,
      "n_trades": 104,
      "win_rate": 0.5096153846153846,
      "median_return": 0.009905706108237728,
      "market_return": 0.0,
      "mean_ic_tradable": 0.034031932467551,
      "n_skipped_rebalances": 0,
      "avg_candidates": 564.7692307692307
    },
    {
      "fold": 11,
      "period": "2025-01->2025-04",
      "train_rows": 660101,
      "test_rows": 34000,
      "mean_ic": -0.04466938049746859,
      "ic_ir": -0.4443873121448138,
      "hit_rate_ic": 0.015625,
      "total_return": -0.16516351570432242,
      "sharpe": -3.1712004682865356,
      "max_dd": -0.2322115862484769,
      "n_trades": 104,
      "win_rate": 0.27884615384615385,
      "median_return": -0.10268794354622882,
      "market_return": -0.19867053722518918,
      "mean_ic_tradable": -0.04466938049746859,